state,IN_COUNT_18_24,OUT_COUNT_18_24,POP_AGE_18_24,NET_COUNT_18_24,IN_RATE_18_24,OUT_RATE_18_24,NET_RATE_18_24,IN_COUNT_25_34,OUT_COUNT_25_34,POP_AGE_25_34,NET_COUNT_25_34,IN_RATE_25_34,OUT_RATE_25_34,NET_RATE_25_34,IN_COUNT_35_54,OUT_COUNT_35_54,POP_AGE_35_54,NET_COUNT_35_54,IN_RATE_35_54,OUT_RATE_35_54,NET_RATE_35_54,IN_COUNT_55_64,OUT_COUNT_55_64,POP_AGE_55_64,NET_COUNT_55_64,IN_RATE_55_64,OUT_RATE_55_64,NET_RATE_55_64,IN_COUNT_65_PLUS,OUT_COUNT_65_PLUS,POP_AGE_65_PLUS,NET_COUNT_65_PLUS,IN_RATE_65_PLUS,OUT_RATE_65_PLUS,NET_RATE_65_PLUS,state_name,POP,MED_RENT,MED_HOMEVAL,COST_BURDEN_ALL,VACANCY_RATE,TRANSIT_SHARE,BA_PLUS,LAND_AREA,POP_DENS,GDP,RPP,REAL_PCPI,UNEMP,PRIV_EMP,PRIV_ESTAB,PRIV_AVG_PAY,PERMITS,ELEC_PRICE_TOT,COMMUTE_MED,UNINSURED,CRIME_VIOLENT_RATE,NRI_RISK_INDEX,abbrev,IN_SHARE_18_24,OUT_SHARE_18_24,IN_SHARE_25_34,OUT_SHARE_25_34,IN_SHARE_35_54,OUT_SHARE_35_54,IN_SHARE_55_64,OUT_SHARE_55_64,IN_SHARE_65_PLUS,OUT_SHARE_65_PLUS,IN_COUNT_ALL_AGES,OUT_COUNT_ALL_AGES,IN_SHARE_ALL_AGES,OUT_SHARE_ALL_AGES,IN_SHARE_PCT_18_24,IN_SHARE_PCT_25_34,IN_SHARE_PCT_35_54,IN_SHARE_PCT_55_64,IN_SHARE_PCT_65_PLUS,OUT_SHARE_PCT_18_24,OUT_SHARE_PCT_25_34,OUT_SHARE_PCT_35_54,OUT_SHARE_PCT_55_64,OUT_SHARE_PCT_65_PLUS,IN_SHARE_PCT_ALL_AGES,OUT_SHARE_PCT_ALL_AGES,REL_IN_18_24,REL_OUT_18_24,DIFF_IN_18_24,DIFF_OUT_18_24,SHARE_GAP_18_24,REL_IN_25_34,REL_OUT_25_34,DIFF_IN_25_34,DIFF_OUT_25_34,SHARE_GAP_25_34,REL_IN_35_54,REL_OUT_35_54,DIFF_IN_35_54,DIFF_OUT_35_54,SHARE_GAP_35_54,REL_IN_55_64,REL_OUT_55_64,DIFF_IN_55_64,DIFF_OUT_55_64,SHARE_GAP_55_64,REL_IN_65_PLUS,REL_OUT_65_PLUS,DIFF_IN_65_PLUS,DIFF_OUT_65_PLUS,SHARE_GAP_65_PLUS
01,27864,21983,485435,5881,57.400063860249055,45.28515661211079,12.114907248138268,24572,23041,655347,1531,37.494640244023394,35.158473297352394,2.336166946671,24248,18842,1281732,5406,18.918151376418784,14.700420992844055,4.217730383574725,11202,6904,647816,4298,17.291947096089014,10.657347147955592,6.63459994813342,9245,7066,955166,2179,9.67894585862562,7.397667002384925,2.281278856240695,Alabama,5157699,1077,233300,25.5359965972786,7.561434375294372,0.4375869504505609,29.8535816190738,50645.33,101.83957731147176,255629.4,88.823,52216,3.1,1717475,154400,61241.33778599397,20725,11.9,22.992585563415453,8.2,359.9,82.67,AL,0.0174513424205908,0.0136586184186,0.0140713681559418,0.0132159247275624,0.0164191737596576,0.0127870503460416,0.021070570045256,0.0129994840876824,0.0143960734300961,0.01103143788064,97131,77836,0.0162059213654678,0.0129769057892244,1.745134242059088,1.407136815594182,1.641917375965764,2.107057004525602,1.4396073430096124,1.3658618418600028,1.321592472756244,1.278705034604166,1.2999484087682498,1.103143788064003,1.6205921365467877,1.297690578922448,1.0768497530647527,1.052532756301712,0.001245421055123,0.0006817126293755995,0.0037927240019908007,0.8682855999736993,1.0184187927553943,-0.002134553209526,0.00023901893833799988,0.0008554434283794005,1.0131589182361582,0.9853697448169463,0.00021325239418979944,-0.0001898554431828004,0.003632123413616,1.300177235843806,1.001739883052611,0.004864648679788201,2.2578298458000162e-05,0.0080710859575736,0.8883218118515499,0.8500822969524944,-0.0018098479353717,-0.0019454679085843998,0.0033646355494561
02,7363,8184,68011,-821,108.26189881048654,120.33347546720384,-12.071576656717296,9463,10961,113311,-1498,83.51351589872122,96.7337681248952,-13.22025222617398,6410,8331,190818,-1921,33.592218763429024,43.659403200955886,-10.067184437526858,1384,3051,84380,-1667,16.401990993126333,36.15785731215928,-19.755866319032947,1027,3056,109415,-2029,9.386281588447654,27.930356898048714,-18.54407530960106,Alaska,740133,1444,376500,26.370851502490467,6.685146917998085,0.6795899254937386,32.754597087105665,570640.95,1.2970204819685656,55945.7,102.359,60272,4.6,253788,23333,71479.76712452913,1032,22.17,16.332883164794623,11.0,724.1,78.75,AK,0.0046114784037758,0.0050849353199209,0.0054190687310628,0.0062870427038241,0.0043404364813347,0.0056538008933697,0.0026032555742398,0.0057447024842872,0.0015992176757932,0.0047710266293852,25647,33583,0.0042791000325349,0.0055989956719194,0.4611478403775863,0.5419068731062894,0.4340436481334768,0.2603255574239808,0.1599217675793263,0.5084935319920967,0.6287042703824135,0.5653800893369764,0.574470248428727,0.4771026629385215,0.4279100032534975,0.5598995671919493,1.0776748308554969,0.9081870424410823,0.0003323783712408995,-0.0005140603519985,-0.00047345691614510046,1.266403844233712,1.122887580598688,0.0011399686985278995,0.0006880470319047,-0.0008679739727613005,1.0143339600227725,1.0097884021816919,6.133644879979978e-05,5.480522145029972e-05,-0.001313364412035,0.6083652063393468,1.0260237408466955,-0.0016758444582951003,0.00014570681236779955,-0.0031414469100474,0.3737275744044333,0.8521218641609767,-0.0026798823567417,-0.0008279690425342006,-0.0031718089535919996
04,45570,37875,726880,7695,62.69260400616333,52.10626238168611,10.586341624477216,50663,42004,1047734,8659,48.35483051996022,40.09032827034343,8.264502249616791,44372,34311,1850112,10061,23.98341289608413,18.545363740141138,5.438049155942991,24557,17006,880749,7551,27.88195047624238,19.30856577753708,8.573384698705306,34586,22658,1491158,11928,23.194054553575143,15.19490221693476,7.999152336640383,Arizona,7582384,1672,426000,31.347722948222533,6.786212820788146,1.1360979877515311,34.73430348633038,113594.08,66.74981653973516,446968.2,100.677,52890,3.6,2814912,222682,70192.19139426028,59616,12.74,23.59795053653508,10.3,421.9,97.74,AZ,0.0285406859785503,0.0235327376884172,0.0290126047893732,0.0240927781891642,0.0300458420514487,0.0232850273019337,0.0461908577576639,0.0320204557350997,0.0538564192161497,0.0353736653693096,199748,153854,0.0333271600303659,0.0256507125661049,2.854068597855033,2.901260478937329,3.004584205144873,4.619085775766399,5.385641921614976,2.353273768841724,2.409277818916421,2.3285027301933736,3.2020455735099733,3.5373665369309624,3.3327160030365977,2.5650712566104925,0.8563791800005034,0.9174301738312559,-0.004786474051815599,-0.002117974877687702,0.0050079482901331,0.8705393667788821,0.9392635049445226,-0.004314555240992699,-0.0015579343769407013,0.004919826600208999,0.9015422263424954,0.9077731170986165,-0.0032813179789171996,-0.0023656852641712016,0.006760814749514999,1.385982415410653,1.2483261684282345,0.012863697727298,0.006369743168994798,0.014170402022564199,1.6159918567042213,1.3790519572564508,0.0205292591857838,0.0097229528032047,0.018482753846840096
05,16833,11325,291543,5508,57.73762360955331,38.84504172626336,18.892581883289942,9582,13389,390523,-3807,24.53632692568684,34.28479244500324,-9.748465519316404,14047,12960,773267,1087,18.16578232357,16.760058298104017,1.4057240254659775,5624,4024,372173,1600,15.111252025267818,10.812176057908554,4.299075967359266,5541,4856,562707,685,9.847042954859278,8.629713154448051,1.2173298004112263,Arkansas,3088354,982,215600,24.946140136707,5.962598002059033,0.2850755417733386,27.1173171580096,52035.48,59.35092748255613,147389.9,86.937,55219,3.5,1097701,99464,58721.44880527575,13684,9.59,19.7614287911074,9.4,579.4,76.41,AR,0.010542579922689,0.0070365215662396,0.0054872151094837,0.0076797021039596,0.0095117178242292,0.0087952538204383,0.0105785472178646,0.0075767560789157,0.0086283010141874,0.0075811862932901,51627,46554,0.0086137597917761,0.0077615354349087,1.0542579922689,0.5487215109483743,0.951171782422925,1.0578547217864651,0.8628301014187412,0.7036521566239609,0.7679702103959616,0.8795253820438378,0.7576756078915755,0.7581186293290119,0.8613759791776159,0.7761535434908736,1.2239231389705598,0.9065888605741284,0.0019288201309128998,-0.0007250138686691002,0.0035060583564493998,0.6370290375084018,0.9894565538435807,-0.0031265446822924,-8.18333309491005e-05,-0.0021924869944758996,1.1042469321364656,1.1331847795064225,0.0008979580324531,0.0010337183855295999,0.0007164640037908999,1.2280987017962077,0.9761929379125261,0.0019647874260885004,-0.0001847793559930002,0.0030017911389489003,1.0016881388340062,0.9767637288870122,1.4541222411299307e-05,-0.00018034914161860031,0.0010471147208972994
06,94331,135102,3644130,-40771,25.885739531794968,37.07386948325114,-11.188129951456178,121481,158750,5708737,-37269,21.279838254941502,27.808252508391963,-6.528414253450457,81536,149312,10463439,-67776,7.792466702391059,14.269878192055211,-6.477411489664154,21431,53309,4678758,-31878,4.5804890956104165,11.39383571452082,-6.813346618910403,32962,60225,6524861,-27263,5.051755125511486,9.23008168296612,-4.178326557454634,California,39431263,2104,759500,41.21519204953776,4.257601506500651,3.297796045998231,38.12364901183692,155779.22,253.12273999060977,3306928.6,110.72,63028,5.3,15546764,1812802,92116.48331633516,101545,27.04,24.947765341423533,5.9,486.0,98.8,CA,0.0590799089103057,0.0839424403215985,0.0695671445121263,0.0910562931513622,0.0552108937507194,0.10133001068189,0.0403109611355009,0.1003750720206063,0.0513275686752653,0.0940232587548182,351741,556698,0.0586865880821883,0.0928133190175457,5.907990891030571,6.956714451212634,5.521089375071946,4.031096113550095,5.132756867526538,8.394244032159854,9.105629315136223,10.133001068189005,10.037507202060636,9.402325875481823,5.868658808218835,9.281331901754571,1.006702056482932,0.9044223524182965,0.00039332082811739666,-0.008870878695947201,-0.024862531411292806,1.1854010734905938,0.9810692486295921,0.010880556429937994,-0.0017570258661835092,-0.0214891486392359,0.9407753211585358,1.0917615246873595,-0.0034756943314689023,0.008516691664344295,-0.0461191169311706,0.6868854103265801,1.081472714079227,-0.0183756269466874,0.007561753003060598,-0.0600641108851054,0.8746047496130295,1.0130362727039615,-0.007359019406923004,0.0012099397372725001,-0.04269569007955291
08,40472,43277,545685,-2805,74.16733096933213,79.30765918066284,-5.140328211330713,54339,55557,943431,-1218,57.59721696658261,58.888249379127885,-1.2910324125452737,37615,42807,1611095,-5192,23.347474854058884,26.57012777024321,-3.2226529161843342,11419,16047,670072,-4628,17.041452261846487,23.94817273367638,-6.906720471829893,14274,17400,980364,-3126,14.559898160275162,17.74850973719965,-3.1886115769244894,Colorado,5957494,1822,574600,34.30883280400921,4.5544885009052285,1.724779169542351,47.7663769613138,103641.89,57.48152605090471,448838.5,103.052,65223,4.3,2436000,246252,81425.54986247947,32185,12.07,22.89894431155406,7.9,476.3,84.99,CO,0.02534778676594,0.0268891429423533,0.031117697958071,0.0318665478967573,0.0254704396638701,0.0290508048064433,0.0214787394524887,0.0302147626238472,0.0222271013673544,0.0271648767510807,158119,175088,0.0263815268079852,0.0291908690172122,2.534778676594007,3.111769795807108,2.54704396638701,2.1478739452488704,2.2227101367354467,2.688914294235333,3.1866547896757367,2.905080480644334,3.02147626238472,2.716487675108074,2.638152680798525,2.919086901721229,0.960815761363277,0.9211491074999616,-0.001033740042045199,-0.002301726074858901,-0.0015413561764133013,1.1795260442868778,1.0916615013402788,0.004736171150085802,0.0026756788795451007,-0.0007488499386863016,0.9654649577052026,0.9952017800262708,-0.0009110871441150997,-0.0001400642107689011,-0.003580365142573202,0.8141583164924133,1.0350758179220791,-0.004902787355496499,0.0010238936066349971,-0.0087360231713585,0.842525208231188,0.9305949999317632,-0.004154425440630799,-0.002025992266131503,-0.004937775383726299
09,20790,24318,341838,-3528,60.81828234426834,71.13896056026539,-10.32067821599705,19774,19886,468204,-112,42.233727178751145,42.47293914618414,-0.2392119674329993,18178,17981,920016,197,19.75835202866037,19.54422531782056,0.2141267108398114,6641,6398,504454,243,13.164728597652116,12.68301966086105,0.4817089367910652,6395,8685,713337,-2290,8.964907189729399,12.17517106220482,-3.210263872475422,Connecticut,3675069,1550,396900,34.62148725119998,4.278096832749124,4.01688444441599,42.56536138949529,4842.36,758.9417143706788,286160.1,103.61,74254,3.2,1459801,145501,88959.23517041022,5926,24.37,22.62298272072319,5.8,136.0,93.0,CT,0.0130208659533478,0.0151094155803809,0.0113237519907046,0.0114062705235148,0.0123089632383312,0.0122027360297301,0.0124914886333284,0.0120467409028088,0.0099581275917214,0.0135590203783411,71778,77268,0.0119758740646194,0.012882208188008,1.3020865953347849,1.1323751990704605,1.230896323833127,1.2491488633328445,0.995812759172144,1.5109415580380998,1.1406270523514894,1.220273602973013,1.2046740902808897,1.3559020378341162,1.1975874064619465,1.2882208188008082,1.0872580893127162,1.1728901877588191,0.0010449918887284002,0.0022272073923729,-0.002088549627033101,0.9455470164101526,0.8854282089721897,-0.0006521220739147994,-0.0014759376644932001,-8.251853281020065e-05,1.0278133497325137,0.9472549932153388,0.0003330891737118001,-0.0006794721582778999,0.0001062272086010986,1.0430544414484362,0.9351456463825096,0.0005156145687090011,-0.0008354672851992005,0.0004447477305196002,0.8315157238619372,1.0525385229345339,-0.0020177464728979994,0.0006768121903330988,-0.0036008927866196996
10,7876,7676,91460,200,86.11414826153509,83.92739995626503,2.186748305270064,6737,9289,127148,-2552,52.98549721584296,73.05659546355429,-20.07109824771133,7649,3672,248517,3977,30.77857852782707,14.77564915076232,16.00292937706475,3831,2319,143222,1512,26.748683861417938,16.191646534750248,10.557037326667691,3956,2695,227824,1261,17.364281199522438,11.829306833345038,5.5349743661774005,Delaware,1051917,1530,371600,28.422959757848577,7.55671991046902,2.3464044449774155,35.99156835777161,1948.54,539.8488098781652,85350.5,99.808,55185,3.7,409731,45178,72499.77583585327,7141,13.56,22.955674919652424,6.9,360.8,93.04,DE,0.0049327724987286,0.0047693015048525,0.0038580012724475,0.0053280120131212,0.0051794069650124,0.0024919885824575,0.0072059769544166,0.004366425782059,0.0061601802584597,0.0042074334967909,30049,25651,0.0050135562396242,0.0042765636774679,0.4932772498728602,0.3858001272447503,0.5179406965012425,0.7205976954416694,0.6160180258459736,0.4769301504852559,0.5328012013121284,0.249198858245754,0.4366425782059054,0.4207433496790954,0.5013556239624263,0.4276563677467973,0.9838869383259067,1.115218166861564,-8.078374089560015e-05,0.0004927378273846001,0.0001634709938761001,0.7695139114938268,1.2458628971651018,-0.0011555549671767003,0.0010514483356533003,-0.0014700107406737002,1.0330804557606061,0.5827081672107769,0.00016585072538819953,-0.0017845750950104002,0.0026874183825549,1.4372985182583164,1.0210126894788356,0.0021924207147923994,8.986210459110012e-05,0.0028395511723575996,1.2287047285464274,0.9838351101747347,0.0011466240188354997,-6.913018067699998e-05,0.0019527467616688
12,82508,83117,1906324,-609,43.28120508371085,43.60066809209767,-0.3194630083868219,109141,113810,2925033,-4669,37.31274142890012,38.90896273648878,-1.5962213075886664,122794,118711,5898172,4083,20.81899273198544,20.12674435401341,0.6922483779720225,72392,40496,3056397,31896,23.6854047429048,13.249587668094165,10.435817074810634,94365,65190,5094353,29175,18.52345135878884,12.796521952836798,5.726929405952041,Florida,23372215,1812,396900,38.85641307528434,8.422016777842776,1.2912059812452903,35.836379912636744,53624.76,435.8474518114393,1352275.1,103.414,57131,3.4,8729175,876034,69297.92033072999,173326,12.53,26.015276588821497,10.9,267.1,95.32,FL,0.0516751134237048,0.051642787021734,0.062500536867477,0.0652794754239781,0.0831481368625618,0.0805627605152824,0.1361668190248325,0.0762495810566034,0.1469427224695533,0.1017746158277559,481200,421324,0.0802863077808644,0.0702436129135517,5.167511342370487,6.250053686747706,8.314813686256187,13.616681902483249,14.694272246955336,5.1642787021734,6.5279475423978175,8.056276051528243,7.624958105660348,10.177461582775594,8.028630778086443,7.024361291355176,0.6436354448475603,0.7351954843964305,-0.0286111943571596,-0.018600825891817704,3.2326401970803054e-05,0.7784706831713776,0.9293296958446183,-0.0177857709133874,-0.004964137489573597,-0.0027789385565011038,1.0356452944567902,1.1469051373315662,0.002861829081697395,0.010319147601730694,0.0025853763472794,1.6960154575359208,1.085501982229234,0.05588051124396809,0.006005968143051696,0.05991723796822909,1.8302339032780373,1.4488807110905468,0.06665641468868891,0.0315310029142042,0.045168106641797406
13,43035,47304,1060982,-4269,40.5614798366042,44.58511077473511,-4.023630938130902,59193,57047,1526208,2146,38.784359667882754,37.37826036818048,1.4060992997022683,67536,49126,2949805,18410,22.89507272514624,16.653982212383532,6.241090512762708,19327,16416,1347149,2911,14.346594177778403,12.185734465897982,2.160859711880423,21952,19013,1765603,2939,12.433146069643062,10.768558956911605,1.6645871127314578,Georgia,11180878,1506,343300,31.48394638655096,7.714738056691026,1.2023791387200922,36.310282371374,57513.49,194.40444320106465,697450.9,96.293,52952,3.5,4183693,383400,71591.73513209501,68367,11.4,25.78604318730946,12.0,325.7,73.59,GA,0.0269530046321464,0.0293912243858188,0.033897383007271,0.0327211864907449,0.0457310012797854,0.0333391696900351,0.0363534107538531,0.0309095496499704,0.0341830831733337,0.0296830920499021,211043,188906,0.0352116858956711,0.0314946215763816,2.6953004632146444,3.389738300727105,4.573100127978549,3.635341075385316,3.4183083173333704,2.939122438581885,3.272118649074495,3.333916969003517,3.090954964997044,2.968309204990219,3.521168589567118,3.149462157638162,0.7654562383637525,0.9332140827454749,-0.008258681263524699,-0.0021033971905628016,-0.0024382197536724007,0.9626742413784374,1.0389452183570012,-0.0013143028884000998,0.0012265649143632998,0.001176196516526097,1.2987450079863272,1.0585670829281135,0.010519315384114304,0.0018445481136534977,0.012391831589750303,1.0324246007863647,0.9814231161662866,0.0011417248581820014,-0.0005850719264112042,0.005443861103882702,0.9707880297073802,0.9424813051940907,-0.0010286027223374017,-0.0018115295264795016,0.004499991123431597
15,12646,8790,115613,3856,109.3821629055556,76.02951225208238,33.352650653473226,13415,15102,185706,-1687,72.23783830355508,81.32208975477367,-9.084251451218591,10606,10725,366453,-119,28.94232002466892,29.267054710972484,-0.3247346863035641,3334,3201,173509,133,19.215141577670323,18.44861073488984,0.7665308427804898,3331,3608,311305,-277,10.70011724835772,11.58991985351986,-0.88980260516214,Hawaii,1446146,1942,875900,37.68744258857835,5.942174949028471,4.2980666445243925,37.7574922394315,6422.63,225.16414615196572,91878.0,109.951,52272,3.0,516956,57568,64847.067742709245,3879,38.0,23.720002180668374,3.5,217.7,97.36,HI,0.0079202439079382,0.0054614591229356,0.0076822156850056,0.0086622496955708,0.0071816956819089,0.0072784797240896,0.0062711373443031,0.0060271362347438,0.005186946521974,0.005632808926316,43332,41426,0.0072297720049052,0.0069065894858987,0.7920243907938282,0.7682215685005678,0.718169568190898,0.6271137344303122,0.5186946521974061,0.5461459122935642,0.866224969557085,0.727847972408963,0.602713623474387,0.5632808926316052,0.7229772004905273,0.6906589485898726,1.0955039664548945,0.7907606401229367,0.0006904719030330006,-0.0014451303629630999,0.0024587847850026006,1.0625806290701048,1.2542007474538135,0.0004524436801003999,0.0017556602096720992,-0.0009800340105651992,0.9933502297218112,1.053845713423419,-4.807632299630004e-05,0.0003718902381908999,-9.678404218069984e-05,0.8674045792935527,0.8726646121141998,-0.0009586346606020998,-0.0008794532511549004,0.00024400110955930063,0.7174426134675893,0.815570251832196,-0.0020428254829312,-0.0012737805595827,-0.000445862404342
16,17927,15929,198965,1998,90.10127409343352,80.0593069132762,10.041967180157314,15946,14401,259321,1545,61.49135627272762,55.53348938188577,5.957866890841852,14678,11898,492965,2780,29.774933311695555,24.13558771920928,5.639345592486282,5224,3345,227570,1879,22.955574109065346,14.698774003603289,8.256800105462055,8670,4660,355551,4010,24.38468742880768,13.106417925979676,11.278269502828003,Idaho,2001619,1384,446400,27.589622208229443,4.759423924273062,0.4616383276403191,33.026560441872775,82643.12,24.220031867141515,99567.3,95.494,52816,3.7,734589,99957,60149.488980913135,17630,9.51,19.00943523750304,9.2,230.6,65.74,ID,0.0112277568035433,0.0098971083468989,0.0091316147083936,0.0082601680483323,0.0099389901205977,0.0080745316323746,0.0098261612137491,0.0062982726351822,0.0135006983925293,0.0072751911298871,62445,50233,0.0104187001026103,0.0083749024681395,1.122775680354338,0.9131614708393628,0.9938990120597776,0.9826161213749102,1.3500698392529302,0.989710834689896,0.8260168048332394,0.8074531632374679,0.6298272635182208,0.7275191129887141,1.0418700102610308,0.8374902468139593,1.077654284408311,1.1817580425026206,0.0008090567009329998,0.0015222058787594007,0.0013306484566443996,0.8764639176153814,0.9863002082419847,-0.0012870853942166995,-0.00011473441980719944,0.0008714466600613004,0.9539568298071645,0.9641344079041404,-0.00047970998201259975,-0.00030037083576489945,0.0018644584882231002,0.9431273687671704,0.7520413114233404,-0.0005925388888612,-0.0020766298329572995,0.0035278885785669,1.2958140900079114,0.8686896543051082,0.0030819982899189993,-0.0010997113382523998,0.0062255072626422
17,56452,80140,1168050,-23688,48.330122854329865,68.61007662343222,-20.27995376910235,55595,63390,1737093,-7795,32.00461921152178,36.4920012918134,-4.487382080291614,35261,54547,3269377,-19286,10.78523522983125,16.684218430606197,-5.898983200774949,12996,21818,1568396,-8822,8.286172624770785,13.911027572118266,-5.624854947347481,13432,25994,2274582,-12562,5.905260834737987,11.428033810168198,-5.522772975430211,Illinois,12710158,1322,280700,29.90315443424357,4.209386086683832,6.9718165426465735,39.230752019787,55518.93,228.9337708777889,899125.9,99.958,60333,5.0,5236228,387954,78251.40868636736,20326,12.21,24.92326662825834,6.9,289.2,90.39,IL,0.0353561291389318,0.0497930983062642,0.0318369572126642,0.0363594231361565,0.0238764634584002,0.037018110350575,0.0244450212737142,0.0410809304497475,0.0209159608775609,0.0405818279464133,173736,245889,0.0289871611982881,0.0409948916646104,3.5356129138931824,3.183695721266423,2.38764634584002,2.4445021273714267,2.0915960877560966,4.979309830626422,3.635942313615655,3.701811035057502,4.10809304497475,4.058182794641338,2.898716119828816,4.099489166461044,1.2197168566137422,1.2146171458052424,0.006368967940643698,0.008798206641653802,-0.014436969167332406,1.0983123526613017,0.886925703661377,0.002849796014376099,-0.004635468528453902,-0.0045224659234923,0.823690988402489,0.9029932473887123,-0.005110697739887898,-0.0039767813140354005,-0.0131416468921748,0.8433051138225242,1.0020987684475666,-0.004542139924573897,8.603878513709778e-05,-0.016635909176033296,0.7215594771245187,0.9899240197638165,-0.008071200320727199,-0.00041306371819709725,-0.019665867068852403
18,36311,33542,659956,2769,55.02033468897927,50.82460042790731,4.195734261071951,31007,32527,929702,-1520,33.35154705486274,34.98647953860484,-1.6349324837421022,24004,25367,1704962,-1363,14.078906157439286,14.878337464412695,-0.7994313069734106,8917,7896,832526,1021,10.71077660037044,9.484388475555118,1.226388124815321,10992,9822,1218401,1170,9.02166035648362,8.061385373124283,0.9602749833593374,Indiana,6924275,1104,243500,25.81475891840324,5.217695301082602,0.5899066770855499,30.65626086442457,35826.11,193.2745419472,412003.4,93.329,55562,4.2,2780349,186716,63313.84257695707,26633,11.38,21.82685979572005,7.5,312.9,72.54,IN,0.0227417346624345,0.0208405303642215,0.0177564265184473,0.0186569325816337,0.0162539527765927,0.0172152163320262,0.0167725649967459,0.0148673126240354,0.0171164563703208,0.015334104566041,111231,109154,0.0185584503341091,0.0181982781041807,2.274173466243452,1.775642651844734,1.6253952776592793,1.677256499674593,1.7116456370320887,2.084053036422154,1.865693258163376,1.7215216332026262,1.486731262403549,1.5334104566041094,1.8558450334109169,1.81982781041807,1.225411295286699,1.1451924322133418,0.0041832843283254005,0.002642252260040799,0.0019012042982129995,0.9567839016069281,1.0252031799287447,-0.0008020238156617975,0.00045865447745300006,-0.0009005060631863994,0.8758248929178694,0.9459805061486196,-0.0023044975575164,-0.0009830617721545004,-0.0009612635554335017,0.9037696949253964,0.8169626015672288,-0.0017858853373631974,-0.0033309654801453002,0.001905252372710501,0.9222998721429873,0.8426129372381823,-0.0014419939637882982,-0.0028641735381397006,0.0017823518042798005
19,21022,17585,321744,3437,65.33765975433886,54.65525386642797,10.682405887910884,12694,17398,410098,-4704,30.95357694989978,42.4240059693049,-11.47042901940512,10124,13117,780148,-2993,12.977024872203735,16.81347641729518,-3.836451545091444,3788,3975,389525,-187,9.724664655670368,10.204736538091264,-0.4800718824208972,4627,8157,612603,-3530,7.553015574523794,13.315311874084848,-5.762296299561053,Iowa,3241488,981,227300,23.786717799768056,5.709335815476684,0.8258230954060862,32.050781481626764,55857.13,58.03176783339925,206438.9,87.762,60144,3.0,1315014,105436,61489.50445318453,12544,9.34,17.723408749723134,5.4,243.3,62.85,IA,0.013166168545997,0.0109260248779093,0.0072693288039852,0.0099791961464403,0.0068553165268382,0.0089018012625532,0.0071250954589742,0.0074844943870999,0.0072050439979507,0.012734706876929,52255,60232,0.008718539096195,0.0100419470360317,1.316616854599704,0.7269328803985246,0.6855316526838253,0.7125095458974272,0.7205043997950759,1.0926024877909362,0.9979196146440316,0.8901801262553256,0.7484494387099933,1.2734706876929058,0.8718539096195077,1.004194703603177,1.5101347141682329,1.088038488821483,0.004447629449801999,0.0008840778418776011,0.0022401436680876997,0.8337783112262152,0.9937511232267765,-0.0014492102922098009,-6.275088959139911e-05,-0.0027098673424551002,0.7862918834452483,0.8864616822427444,-0.0018632225693568007,-0.0011401457734784987,-0.0020464847357150005,0.8172350184314456,0.7453230295125681,-0.0015934436372208004,-0.002557452648931799,-0.0003593989281256999,0.8264049651500869,1.2681511694131984,-0.0015134950982443008,0.002692759840897301,-0.0055296628789783
20,21565,22415,297448,-850,72.5000672386434,75.35770958285146,-2.857642344208063,20970,22209,386725,-1239,54.22457818863533,57.42840519749176,-3.2038270088564227,15489,15582,721952,-93,21.454334914232525,21.583152342538007,-0.1288174283054829,6830,4875,344079,1955,19.850092565951424,14.16825787101218,5.681834694939243,5889,4312,533774,1577,11.032759182725274,8.078325283734314,2.954433898990959,Kansas,2970606,1079,238700,25.35840195819571,5.781812969356245,0.3495761932256482,36.04853689599452,81758.72,36.33381246673137,181599.6,90.068,59172,3.6,1182582,94959,62203.88131647531,9063,11.21,17.841169293510053,8.5,438.7,71.33,KS,0.0135062517693095,0.0139270314266896,0.0120086517267662,0.0127387037140069,0.0104881467487354,0.0105746639683696,0.012846991020273,0.0091790968898395,0.0091701975586626,0.0067318935948655,70743,69393,0.0118031884275596,0.0115692792979039,1.3506251769309587,1.2008651726766235,1.048814674873545,1.284699102027304,0.9170197558662636,1.3927031426689698,1.2738703714006954,1.0574663968369662,0.917909688983954,0.6731893594865526,1.1803188427559623,1.1569279297903985,1.144288414287564,1.203794209481387,0.0017030633417499004,0.0023577521287857003,-0.0004207796573800996,1.017407440410496,1.1010801438871713,0.00020546329920659995,0.0011694244161029998,-0.0007300519872406996,0.8885858946593048,0.914029620694307,-0.0013150416788241994,-0.0009946153295343,-8.651721963419921e-05,1.08843395148011,0.7934026531369635,0.0010438025927134009,-0.0023901824080643994,0.0036678941304335005,0.776925456620759,0.581876659861187,-0.0026329908688969995,-0.0048373857030384,0.0024383039637971005
21,20545,13510,421989,7035,48.6861031922633,32.01505252506582,16.671050667197488,22437,23020,599428,-583,37.43068391866913,38.40327779149456,-0.9725938728254268,21784,20042,1146108,1742,19.00693477403526,17.48700820516042,1.5199265688748356,6481,6151,574786,330,11.275500795078516,10.70137407661286,0.574126718465655,7842,6429,825850,1413,9.495671126717928,7.784706665859417,1.7109644608585095,Kentucky,4588372,998,226000,24.89611119211603,4.224944288646402,0.6345409656568534,27.944085701608177,39486.34,116.20150158257262,230966.4,90.159,52290,5.1,1693939,152232,60560.830660962405,16264,10.07,21.23881970920372,6.8,213.1,67.97,KY,0.012867421405076,0.0083941197668783,0.0128487419548619,0.0132038794856337,0.0147507126847732,0.0136014256997859,0.0121905342316822,0.0115816666603903,0.012211358338433,0.0100369535995803,79089,69152,0.0131956853617638,0.0115290995058385,1.286742140507607,1.28487419548619,1.4750712684773262,1.2190534231682222,1.2211358338433078,0.8394119766878332,1.3203879485633756,1.3601425699785956,1.1581666660390362,1.003695359958035,1.3195685361763898,1.1529099505838574,0.97512338710053,0.7280811274659741,-0.0003282639566878007,-0.0031349797389602,0.0044733016381976985,0.973707814532528,1.1452654631827115,-0.0003469434069018999,0.0016747799797951993,-0.00035513753077179994,1.1178436193632877,1.1797474462682835,0.001555027323009401,0.002072326193947399,0.0011492869849873012,0.9238272888050094,1.0045595195466201,-0.0010051511300815993,5.256715455180007e-05,0.0006088675712919,0.9254053884777358,0.87057567631344,-0.0009843270233307992,-0.0014921459062582007,0.002174404738852701
22,16245,19999,418749,-3754,38.79412249342685,47.75892002130154,-8.964797527874694,15017,14524,591010,493,25.409045532224496,24.574880289673608,0.8341652425508874,17781,26752,1154047,-8971,15.407518064688873,23.18103162176237,-7.773513557073499,4546,5689,551533,-1143,8.242480504339722,10.314885963305914,-2.0724054589661907,4156,5899,819864,-1743,5.06913341724969,7.195095771981695,-2.125962354732004,Louisiana,4597740,1064,223200,29.75854058892408,8.1161111964368,0.9267171134347554,27.83647697030021,43203.9,106.41955934533688,257055.9,88.207,56789,4.4,1615842,149265,61699.661804805175,14310,8.8,21.892235272184937,7.7,519.8,86.16,LA,0.0101743130068367,0.0124259068258919,0.0085996148297972,0.0083307187510575,0.0120401405732626,0.0181551412194728,0.0085508669367732,0.010711770708984,0.0064716150541351,0.0092095176985416,57745,72863,0.0096345237797298,0.0121478016151942,1.0174313006836735,0.8599614829797262,1.204014057326264,0.8550866936773242,0.6471615054135152,1.2425906825891917,0.8330718751057543,1.81551412194728,1.071177070898403,0.9209517698541684,0.9634523779729876,1.2147801615194296,1.0560265602584913,1.0228934600273563,0.0005397892271068998,0.0002781052106977013,-0.0022515938190552,0.8925832792991846,0.6857799472653243,-0.0010349089499326006,-0.003817082864136699,0.0002688960787396999,1.2496871509720084,1.4945207202564748,0.0024056167935327995,0.0060073396042786015,-0.006115000646210201,0.8875235696406167,0.881786766717194,-0.001083656842956601,-0.0014360309062101985,-0.002160903772210801,0.6717109430723307,0.7581221681314371,-0.0031629087255947005,-0.002938283916652599,-0.0027379026444065
23,6987,8853,110476,-1866,63.24450559397516,80.13505195698613,-16.89054636301097,9281,5788,172085,3493,53.9326495627161,33.634541069820145,20.29810849289596,7063,3980,343776,3083,20.54535511495858,11.577306152843711,8.968048962114866,3654,2117,204070,1537,17.905620620375363,10.373891311804773,7.531729308570588,5096,3928,329926,1168,15.445887865763838,11.905700066075424,3.540187799688415,Maine,1405012,1210,341900,27.61140052175185,3.6023648315434644,0.5856402824853127,37.11095892107211,30842.92,45.55379322061595,77758.6,97.05,57480,3.1,548061,62343,63279.90286300248,6034,19.66,21.29254984410309,5.5,100.1,67.84,ME,0.0043759879949995,0.0055006026866153,0.0053148448581839,0.0033198981087249,0.0047826057515861,0.0027010115899185,0.0068730461475955,0.0039860816647774,0.0079353585938096,0.0061323928665658,32081,24666,0.0053525873647504,0.0041123433654993,0.4375987994999586,0.5314844858183951,0.4782605751586188,0.6873046147595563,0.793535859380961,0.5500602686615387,0.3319898108724942,0.2701011589918576,0.3986081664777498,0.6132392866565813,0.535258736475044,0.4112343365499396,0.8175462999105217,1.3375835132744185,-0.0009765993697509,0.0013882593211159994,-0.0011246146916157997,0.992948736004749,0.8073008048348644,-3.7742506566500016e-05,-0.0007924452567744,0.0019949467494589997,0.8935128799731644,0.6568059497606072,-0.0005699816131642995,-0.0014113317755808001,0.0020815941616676003,1.2840605261033422,0.9692968972918995,0.0015204587828451,-0.00012626170072190055,0.0028869644828181003,1.48252761759072,1.4912161562222166,0.0025827712290592006,0.0020200495010665002,0.0018029657272438
24,30676,43072,530791,-12396,57.79299196859027,81.1468167320094,-23.353824763419123,47591,37389,807590,10202,58.92965489914437,46.29700714471452,12.632647754429849,35160,29288,1643463,5872,21.393849450824263,17.820906220584217,3.572943230240048,11863,13776,813281,-1913,14.586594301354635,16.938794832290437,-2.352200530935802,11145,15985,1099752,-4840,10.134102961394932,14.535095185096276,-4.400992223701343,Maryland,6263220,1721,436300,31.57466038475985,4.8461038699839465,4.9615449672638094,44.6892888911905,9707.24,645.2112031844273,433105.9,104.959,61111,3.0,2238248,192176,75854.89036112174,16823,15.04,30.16243140874337,6.3,420.4,80.87,MD,0.0192125100521836,0.0267617710287922,0.0272533974405594,0.0214456928795986,0.0238080728055741,0.0198761878003857,0.0223138879170569,0.0259387156419342,0.0173547039890125,0.0249557790152888,136435,139510,0.022763637577062,0.023259264693133,1.9212510052183676,2.7253397440559466,2.3808072805574176,2.2313887917056965,1.735470398901258,2.676177102879227,2.144569287959863,1.9876187800385745,2.593871564193426,2.495577901528883,2.276363757706201,2.325926469313309,0.8439999972387222,1.1505854282957306,-0.003551127524878399,0.003502506335659201,-0.007549260976608602,1.1972338493045396,0.9220279816468216,0.0044897598634974015,-0.0018135718135343995,0.005807704560960799,1.0458817368259516,0.8545492758528127,0.0010444352285121014,-0.003383076892747302,0.003931885005188401,0.9802426278101399,1.1151992973188132,-0.00044974966000509847,0.0026794509488012007,-0.003624827724877301,0.762387115427463,1.0729392929887707,-0.005408933588049499,0.0016965143221557982,-0.007601075026276299
25,47998,51997,707064,-3999,67.88352963805256,73.53931185861535,-5.655782220562778,44663,56535,996756,-11872,44.80835831437182,56.71899642440076,-11.910638110028934,25470,28566,1805181,-3096,14.109388476834178,15.824451952463493,-1.7150634756293135,6769,13053,936463,-6284,7.22826208830461,13.93861796995717,-6.710355881652559,11542,14480,1335942,-2938,8.63959662919498,10.838793899735167,-2.1991972705401883,Massachusetts,7136171,1848,607400,35.1867125779736,3.602369585771004,7.7756484925913405,48.27364809072783,7800.06,914.886680358869,628786.9,105.757,71629,4.0,3198628,276202,97786.6645133476,14338,23.94,27.862039707731647,2.8,314.7,92.28,MA,0.0300613527671375,0.0323071092167559,0.0255766529362212,0.0324275120208646,0.0172466329453348,0.0193862052958829,0.0127322521546454,0.0245773849647334,0.0179729020584282,0.0226061732963016,136442,164631,0.022764805499245,0.0274474661722829,3.0061352767137564,2.557665293622129,1.724663294533488,1.2732252154645418,1.7972902058428282,3.2307109216755934,3.242751202086465,1.9386205295882928,2.457738496473344,2.2606173296301675,2.276480549924502,2.7447466172282944,1.3205187616531358,1.177052519674125,0.0072965472678925,0.0048596430444729985,-0.0022457564496183996,1.1235173055649195,1.181439183395758,0.002811847436976201,0.0049800458485817,-0.006850859084643401,0.7576007159783021,0.7063021837498265,-0.005518172553910197,-0.008061260876399998,-0.0021395723505481003,0.5592954508250759,0.8954336553496594,-0.010032553344599598,-0.0028700812075494984,-0.011845132810088001,0.789503870745756,0.8236160363367111,-0.0047919034408168,-0.004841292875981298,-0.004633271237873403
26,31362,37122,934316,-5760,33.566801810094226,39.73173958275358,-6.164937772659357,31260,33332,1344657,-2072,23.247564248726626,24.788477656383748,-1.54091340765712,26306,21866,2446263,4440,10.753545305635576,8.938531956702938,1.8150133489326368,10063,10167,1323609,-104,7.602698379959641,7.681271432877836,-0.0785730529181956,14509,16710,1987859,-2201,7.29880741038474,8.406028797817148,-1.1072213874324084,Michigan,10140459,1168,254200,27.073636482243643,5.657480010503568,0.9685080214237948,33.32604470496402,56538.9,179.3536662368741,562177.6,96.217,53569,4.7,3824885,292907,68394.86937489624,21750,14.16,21.712001163329955,5.1,434.3,82.07,MI,0.0196421547873446,0.0230648789034831,0.0179013091549219,0.0191186668555666,0.0178127179528849,0.0148392762374772,0.0189281508985369,0.0191433596059484,0.022593037252273,0.0260876488799171,113500,119197,0.0189370239674316,0.0198726584017445,1.9642154787344648,1.7901309154921916,1.781271795288493,1.8928150898536984,2.2593037252273085,2.306487890348316,1.911866685556665,1.4839276237477284,1.9143359605948436,2.608764887991719,1.8937023967431657,1.987265840174457,1.0372355667461637,1.160633793285471,0.0007051308199130003,0.003192220501738601,-0.0034227241161385,0.9453074139690084,0.9620588483465448,-0.001035714812509702,-0.0007539915461779005,-0.0012173577006447008,0.9406292130970362,0.7467182264942747,-0.0011243060145466992,-0.005033382164267301,0.002973441715407702,0.9995314433297459,0.9633013972739511,-8.873068894701963e-06,-0.0007292987957960989,-0.00021520870741150236,1.1930616601177202,1.3127407693792503,0.0036560132848414,0.006214990478172599,-0.003494611627644098
27,26067,36701,519877,-10634,50.14070635938886,70.5955447153846,-20.454838355995744,27948,24178,749154,3770,37.3060812596609,32.273738109921325,5.032343149739573,18864,17851,1463382,1013,12.89068746233041,12.198455358887836,0.6922321034425735,5988,8182,713641,-2194,8.390773512172087,11.465148442984638,-3.074374930812551,10107,11076,1056273,-969,9.568549039878896,10.485925513574616,-0.9173764736957208,Minnesota,5793151,1291,344600,27.220130639973394,5.674530902189007,1.7604840408879754,40.03043352710015,79626.74,72.75383872302193,399253.3,98.621,62039,3.0,2541147,205850,74792.14498688978,20913,12.35,20.411778198889067,5.1,256.6,76.72,MN,0.0163258736318383,0.0228033004858772,0.016004663731982,0.0138680885405583,0.012773477969407,0.0121145120330744,0.0112632184816098,0.0154058196415727,0.0157383573994571,0.0172918491318948,88974,97988,0.0148449583302049,0.0163366699788597,1.63258736318383,1.6004663731982012,1.2773477969407032,1.1263218481609805,1.573835739945717,2.280330048587725,1.3868088540558337,1.2114512033074498,1.5405819641572742,1.7291849131894843,1.4844958330204971,1.633666997885976,1.099758804888,1.3958352905081377,0.0014809153016334016,0.006466630507017502,-0.0064774268540389,1.0781211624836602,0.8488932296792527,0.0011597054017771016,-0.0024685814383013996,0.0021365751914237015,0.860458997949285,0.7415533305594751,-0.0020714803607979008,-0.0042221579457853,0.0006589659363325992,0.7587234824831157,0.9430208029854581,-0.003581739848595099,-0.0009308503372869991,-0.0041426011599629,1.0601819856532981,1.0584684121226136,0.0008933990692522008,0.0009551791530350989,-0.001553491732437698
28,13916,12085,287446,1831,48.41257140471602,42.04267932063762,6.369892084078401,13010,13694,359127,-684,36.22673873030989,38.13135743065824,-1.9046187003483448,14811,11647,733071,3164,20.20404571999165,15.887956282542891,4.31608943744876,5455,3207,360057,2248,15.150378967774548,8.906923070513836,6.243455897260712,5770,2752,531347,3018,10.859193709572088,5.179289616766445,5.679904092805643,Mississippi,2943045,990,186500,26.26222709464685,7.109752411456206,0.2629293431143458,27.017466205418224,46923.27,62.72037306862885,123419.3,86.953,48465,3.1,936506,85365,50272.504188974766,7883,10.93,22.566370155840573,9.7,210.5,71.06,MS,0.0087156503418368,0.0075087296360269,0.0074502889349179,0.0078546449034,0.0100290490990716,0.0079041914542164,0.0102606641311258,0.0060384335847621,0.0089848938552357,0.0042964218861479,52962,43385,0.0088364992366794,0.0072331961774179,0.8715650341836875,0.7450288934917918,1.0029049099071647,1.0260664131125834,0.8984893855235763,0.7508729636026991,0.7854644903400028,0.7904191454216496,0.6038433584762135,0.4296421886147942,0.883649923667943,0.7233196177417957,0.9863238946096472,1.0380929055220731,-0.00012084889484259911,0.0002755334586090003,0.0012069207058099003,0.8431267558981409,1.0859161995249442,-0.0013862103017614992,0.0006214487259821001,-0.00040435596848209954,1.134957275551165,1.092766082979106,0.0011925498623922004,0.0006709952767985005,0.0021248576448551996,1.16116845102355,0.8348223159789501,0.001424164894446401,-0.0011947625926557997,0.0042222305463637,1.0167933719657136,0.5939866389302928,0.00014839461855630127,-0.00293677429127,0.004688471969087801
29,37140,28944,575388,8196,64.54774864960687,50.30344741287618,14.244301236730694,35981,31643,817633,4338,44.00629622336672,38.70073737239079,5.305558850975927,26455,30130,1537298,-3675,17.20876498896115,19.599322967960667,-2.3905579789995173,10459,11361,779145,-902,13.423688787067876,14.5813680380417,-1.1576792509738238,9101,10459,1169201,-1358,7.783948183417564,8.94542512365282,-1.1614769402352547,Missouri,6245466,1067,254400,26.098100688034386,5.073448611527355,0.9966775232994122,33.47160780028801,68741.52,90.85434828906897,353307.4,90.817,57850,3.6,2482938,233602,64752.46240099431,18464,11.06,21.598668974275967,7.7,462.0,80.09,MO,0.0232609409094439,0.0179836715420078,0.0206048306047103,0.018149885254731,0.0179136110941827,0.0204476078402629,0.0196730130426113,0.0213915322595829,0.0141718403772098,0.0163285888471007,119136,112537,0.0198773681707835,0.0187622956832565,2.326094090944392,2.0604830604710345,1.791361109418273,1.9673013042611385,1.4171840377209823,1.798367154200788,1.8149885254731055,2.0447607840262987,2.1391532259582977,1.6328588847100771,1.9877368170783591,1.876229568325653,1.1702223709692967,0.9585005931900143,0.003383572738660398,-0.0007786241412486988,0.0052772693674361,1.0365975227543478,0.9673595151220213,0.0007274624339267989,-0.0006124104285254971,0.002454945349979299,0.9012063840781898,1.0898244109067303,-0.001963757076600802,0.0016853121570064022,-0.0025339967460802013,0.9897192059624588,1.1401340550598367,-0.00020435512817220183,0.0026292365763264033,-0.001718519216971602,0.7129636205078749,0.8702873636978421,-0.005705527793573702,-0.002433706836155798,-0.0021567484698909005
30,11632,8671,103469,2961,112.42014516425208,83.8028781567426,28.617267007509497,7718,9041,142328,-1323,54.22685627564499,63.5222865493789,-9.29543027373391,6297,6341,281578,-44,22.36325281094404,22.519515018929035,-0.1562622079849988,2664,2875,138420,-211,19.24577373211964,20.77011992486635,-1.524346192746713,3938,3256,241423,682,16.311619025527808,13.48670176412355,2.824917261404257,Montana,1137233,1177,425400,27.920320865877297,4.898978926786878,0.824678048167569,36.33522405626632,145545.8,7.813574833488841,60605.7,94.645,59203,3.0,426650,61654,59628.25350990273,5367,10.83,16.548566343477408,8.8,423.5,67.09,MT,0.0072851713693767,0.0053875212804294,0.0044197794004378,0.005185763441773,0.0042639202063908,0.0043032950984104,0.0050108907874095,0.0054133135504181,0.0061321511268489,0.0050832665920413,32249,30184,0.0053806174971427,0.0050323105547812,0.7285171369376727,0.4419779400437855,0.4263920206390802,0.5010890787409573,0.6132151126848949,0.5387521280429461,0.5185763441773014,0.4303295098410475,0.5413313550418191,0.5083266592041316,0.5380617497142761,0.5032310554781229,1.3539656690417756,1.0705860104978446,0.001904553872234,0.0003552107256482003,0.0018976500889473,0.8214260543115842,1.0304935248572853,-0.0009608380967049005,0.00015345288699179956,-0.0007659840413352,0.7924592685979062,0.8551330549983323,-0.0011166972907518998,-0.0007290154563708,-3.9374892019599685e-05,0.931285450056701,1.075711344021666,-0.00036972670973320007,0.00038100299563690026,-0.00040242276300860025,1.1396742344359716,1.0101257735796307,0.0007515336297061999,5.095603726009996e-05,0.0010488845348076
31,12995,11401,199010,1594,65.29822621978795,57.2885784633938,8.00964775639415,9497,11790,261403,-2293,36.33087608022861,45.10277234767772,-8.771896267449112,10484,11122,488134,-638,21.47770898974462,22.784727144595543,-1.307018154850922,2805,4041,229218,-1236,12.2372588540167,17.629505536214435,-5.392246682197733,4253,4447,348052,-194,12.219438474710676,12.776826451219932,-0.5573879765092572,Nebraska,2005466,1102,263100,27.77775080945424,3.711922956139433,0.4669316280066324,35.358872842847525,76824.17,26.104623063288543,148102.8,90.103,65297,2.8,853147,73388,60997.53985303822,10479,9.07,18.066905484940506,7.1,220.5,70.12,NE,0.0081388241011907,0.0070837423732183,0.0054385391248974,0.0067625429685326,0.0070990851903765,0.0075479022369533,0.0052761068538603,0.0076087652373008,0.0066226609300377,0.0069426555696583,40034,42801,0.0066795138106798,0.0071358310381391,0.813882410119073,0.5438539124897422,0.7099085190376555,0.5276106853860305,0.662266093003773,0.7083742373218347,0.6762542968532667,0.7547902236953367,0.7608765237300837,0.6942655569658394,0.6679513810679814,0.7135831038139125,1.2184755255955342,0.9927004066320516,0.0014593102905108993,-5.2088664920800325e-05,0.0010550817279723996,0.8142118242501094,0.9476882135225211,-0.0012409746857824002,-0.00037328806960649965,-0.0013240038436352006,1.0628146586097107,1.0577467707141313,0.00041957137969669996,0.0004120711988142003,-0.00044881704657680037,0.789893846079694,1.0662759805597966,-0.0014034069568194998,0.00047293419916169966,-0.0023326583834404994,0.9914884702309922,0.9729288057062551,-5.685288064209964e-05,-0.00019317546848079958,-0.00031999463962060007
32,14404,15770,262085,-1366,54.959268939466206,60.171318465383365,-5.212049525917164,29431,21675,471024,7756,62.4830157274364,46.01676347702028,16.466252250416115,37185,19452,868890,17733,42.795981079308085,22.387183648102752,20.408797431205333,12597,8149,402412,4448,31.303738457103663,20.25039014741111,11.053348309692554,15311,10159,575351,5152,26.611581452017987,17.65704761093663,8.954533841081357,Nevada,3267467,1709,455500,37.74820913291765,7.181307151329179,2.500833315939642,28.528910629047964,109781.18,29.763453080027016,207351.9,99.979,56503,5.6,1377101,106439,65772.04144067864,19994,11.47,23.687316438616264,11.4,402.0,95.56,NV,0.0090212868298231,0.0097983174480881,0.0168539164983527,0.0124324104192489,0.0251792715379771,0.013201024484195,0.023694516234609,0.0153436842164722,0.0238418907829315,0.0158602289031166,108928,75205,0.0181742039358977,0.012538262499083,0.9021286829823106,1.6853916498352748,2.5179271537977126,2.3694516234609004,2.3841890782931507,0.979831744808818,1.2432410419248985,1.3201024484195012,1.5343684216472289,1.5860228903116624,1.817420393589776,1.2538262499083033,0.4963786508417158,0.7814733061143608,-0.009152917106074599,-0.0027399450509949,-0.0007770306182649997,0.9273537678898184,0.9915576755677399,-0.001320287437545,-0.00010585207983409943,0.0044215060791037986,1.3854401340926403,1.0528591569334644,0.0070050676020794005,0.0006627619851120002,0.0119782470537821,1.3037443795712877,1.2237488422015712,0.005520312298711302,0.002805421717389199,0.008350832018136802,1.3118533756429893,1.2649463116820656,0.005667686847033799,0.003321966404033599,0.007981661879814899
33,9299,11785,122828,-2486,75.70749340541245,95.94717816784448,-20.23968476243202,12231,10431,177448,1800,68.92723502096389,58.78341824083675,10.143816780127136,10038,6520,346391,3518,28.97881295992101,18.822659942088563,10.15615301783245,4951,3984,210964,967,23.46845907358601,18.88473862839157,4.583720445194441,4949,3574,303232,1375,16.32083685099198,11.786355002110597,4.534481848881384,New Hampshire,1409032,1558,458800,30.466155822172848,3.810601202647276,0.5570916131256672,41.51834957395464,8952.65,157.3871423544984,94926.0,104.165,64632,2.6,604412,64226,79034.07843159964,4965,20.6,23.582164083083143,4.5,110.1,78.79,NH,0.0058240034872622,0.0073223317137424,0.0070041878526503,0.0059830437408621,0.0067970829016596,0.0044247727553439,0.0093126577659402,0.0075014404121273,0.0077064540189881,0.0055797281326645,41468,36294,0.0069187710121714,0.0060509766523731,0.5824003487262224,0.700418785265035,0.6797082901659659,0.931265776594024,0.7706454018988179,0.7322331713742498,0.5983043740862106,0.4424772755343998,0.7501440412127328,0.5579728132664515,0.6918771012171417,0.6050976652373108,0.8417684986273861,1.2101074147874449,-0.0010947675249092003,0.0012713550613692995,-0.0014983282264802002,1.0123456666405979,0.9887732319237494,8.541684047889964e-05,-6.793291151100007e-05,0.0010211441117881992,0.9824118892939615,0.731249351889099,-0.00012168811051180024,-0.0016262038970292006,0.0023723101463157,1.3459988413487758,1.2397073799954839,0.0023938867537688004,0.0014504637597541996,0.0018112173538129004,1.1138472433082436,0.922120254831295,0.0007876830068166999,-0.00047124851970860044,0.0021267258863236
34,23016,60267,800206,-37251,28.762593632139723,75.31435655318755,-46.55176292104783,44334,46748,1234980,-2414,35.898557061652824,37.85324458695688,-1.9546875253040528,36574,44766,2471493,-8192,14.798342540318746,18.112938211842,-3.314595671523245,10345,15547,1243932,-5202,8.316370991340362,12.498271609702138,-4.181900618361776,13643,19722,1706665,-6079,7.993953119094843,11.55587066002994,-3.5619175409350987,New Jersey,9500851,1800,496000,35.84687004083586,3.6995605453039406,9.732897766918883,44.54710555845139,7354.22,1291.8910503085303,675897.6,108.805,63142,4.5,3678973,320477,83687.84027961064,34932,16.29,27.781894440699418,7.7,217.7,94.43,NJ,0.0144150192776456,0.0374454786077317,0.0253882482429401,0.0268138556991488,0.0247655419451385,0.0303802725714309,0.0194585830314384,0.0292733167889918,0.0212445245869985,0.030789982717518,127912,187050,0.0213416088962301,0.0311851871611393,1.4415019277645698,2.538824824294012,2.476554194513851,1.945858303143845,2.124452458699853,3.744547860773179,2.681385569914886,3.03802725714309,2.9273316788991863,3.0789982717518067,2.1341608896230118,3.1185187161139307,0.6754420131929205,1.2007456749976964,-0.006926589618584498,0.006260291446592403,-0.0230304593300861,1.1896126653986627,0.8598266722145015,0.004046639346710002,-0.0043713314619905005,-0.0014256074562086982,1.1604346263469023,0.9741892012528491,0.003423933048908402,-0.0008049145897084005,-0.005614730626292398,0.911767389518401,0.9386929967016542,-0.0018830258647917,-0.0019118703721474999,-0.009814733757553401,0.9954509376634323,0.9873271742260449,-9.708430923159941e-05,-0.0003952044436212991,-0.009545458130519501
35,9723,11370,200903,-1647,48.39648984833477,56.594475941125815,-8.197986092791048,13729,10497,274996,3232,49.92436253618234,38.17146431220818,11.752898223974167,13020,14150,526488,-1130,24.729908373980034,26.876206105362325,-2.146297731382292,5002,4823,254799,179,19.631160247881663,18.92864571681993,0.7025145310617389,5007,8172,429233,-3165,11.664993138924547,19.038610731234552,-7.373617592310004,New Mexico,2130256,1117,279900,26.729523787297104,6.816307183565918,0.465710578118416,31.783097590332247,121298.15,17.56214748534912,119044.5,92.212,51121,4.1,686080,64556,58896.61925868703,7572,9.18,20.37669504496678,10.1,717.1,84.24,NM,0.0060895565014141,0.0070644812545822,0.0078620304986539,0.0060209002154951,0.0088162999979685,0.0096028427129014,0.0094085869814649,0.0090811865230145,0.007796770109734,0.0127581248741282,46481,49012,0.0077551701412351,0.0081713359697501,0.6089556501414195,0.7862030498653966,0.8816299997968594,0.940858698146497,0.779677010973405,0.7064481254582282,0.6020900215495114,0.960284271290147,0.9081186523014584,1.2758124874128265,0.7755170141235161,0.8171335969750119,0.7852253903541397,0.8645442166047971,-0.0016656136398209998,-0.0011068547151678997,-0.0009749247531681002,1.0137792408770778,0.7368318029982109,0.00010686035741880057,-0.0021504357542549996,0.0018411302831588,1.1368287010353588,1.1751863769217996,0.0010611298567333996,0.0014315067431513,-0.0007865427149329005,1.2132018782461522,1.1113466092487965,0.001653416840229801,0.0009098505532643998,0.00032740045845040117,1.005364159359665,1.561326681629317,4.159996849890067e-05,0.0045867889043781,-0.004961354764394199
36,84938,81146,1776645,3792,47.80808771589147,45.67372772838693,2.134359987504538,95130,114177,2800474,-19047,33.96924949133611,40.77059812017537,-6.801348628839261,47289,93610,4984281,-46321,9.4876272023989,18.78104384564193,-9.293416643243027,15330,34221,2576140,-18891,5.950763545459486,13.283827742281089,-7.333064196821601,15031,36346,3757173,-21315,4.000614291649599,9.673762693386756,-5.673148401737157,New York,19867248,1634,449800,37.13719364431149,3.8135380080306014,24.19731489696503,41.21714812536673,47126.4,421.5736402525973,1840059.3,107.921,64153,4.3,8303012,691628,95736.38420250386,46549,19.66,30.2275848162567,5.0,380.2,91.51,NY,0.0531970328208494,0.0504181526723248,0.0544770166317249,0.0654899803662556,0.0320210453612854,0.0635280640533361,0.0288351936077285,0.064434435829169,0.0234058820689859,0.0567433684134931,257718,359500,0.0429992241659784,0.0599362458403078,5.319703282084943,5.447701663172495,3.202104536128547,2.883519360772851,2.340588206898592,5.041815267232487,6.548998036625566,6.352806405333615,6.443443582916901,5.674336841349314,4.299922416597843,5.993624584030783,1.2371626198534915,0.84119637400476,0.010197808654871,-0.009518093167983,0.0027788801485246,1.2669302223091712,1.0926607005174296,0.011477792465746497,0.005553734525947797,-0.0110129637345307,0.7446889096808614,1.0599273138093803,-0.010978178804692998,0.003591818213028293,-0.03150701869205069,0.6705979972202224,1.0750495785279248,-0.014164030558249899,0.004498189988861194,-0.035599242221440494,0.5443326600182002,0.9467287718466435,-0.0195933420969925,-0.0031928774268146984,-0.0333374863445072
37,62731,47398,1049988,15333,59.744492318007445,45.14146828344705,14.603024034560397,67657,63796,1481768,3861,45.65964442476825,43.05397336155188,2.605671063216374,65122,49300,2810579,15822,23.170314728744504,17.540869692686098,5.629445036058407,26170,16135,1373483,10035,19.053748754079955,11.747506157702716,7.306242596377239,27529,22147,1980690,5382,13.898691870004898,11.181456967016544,2.7172349029883525,North Carolina,11046024,1338,333000,29.555135610835343,7.3914647494076995,0.8077118606707271,37.140084639810006,48617.91,227.2007167728929,664131.6,94.326,56310,3.6,4184582,368542,69141.20131497005,95163,11.65,22.787585780837663,8.6,375.8,83.61,NC,0.0392886937046399,0.0294496290681346,0.0387443657547841,0.0365922978134444,0.0440963969637258,0.033457254116328,0.0492248543192599,0.0303804570907817,0.0428674424507426,0.0345758922647232,249209,198776,0.0415795313295125,0.0331401591186454,3.928869370463992,3.8744365754784136,4.409639696372587,4.922485431925995,4.286744245074269,2.944962906813465,3.659229781344444,3.345725411632809,3.038045709078174,3.457589226472328,4.157953132951256,3.314015911864542,0.9449046790181929,0.8886387347357537,-0.002290837624872595,-0.0036905300505108013,0.009839064636505301,0.9318134311745827,1.1041678370474917,-0.0028351655747283974,0.0034521386947989965,0.002152067941339701,1.0605313613149572,1.009568300397936,0.0025168656342133,0.00031709499768260013,0.010639142847397795,1.1838722742966772,0.9167263495029199,0.007645322989747405,-0.0027597020278637002,0.0188443972284782,1.0309746425716917,1.0433230613328595,0.001287911121230105,0.0014357331460777972,0.008291550186019403
38,10172,5880,87325,4292,116.48439736616088,67.33466933867736,49.14972802748354,4417,5127,114857,-710,38.45651549317847,44.638115221536346,-6.181599728357871,5983,3810,189550,2173,31.56423107359536,20.10023740437879,11.463993669216563,1265,820,86514,445,14.621910904593475,9.478234736574429,5.143676168019049,2060,1833,140295,227,14.683345807049433,13.06532663316583,1.6180191738836025,North Dakota,796568,980,266100,22.350266653322088,3.228989911181478,0.5136617454557505,33.951725851630975,69000.8,11.544329920812512,63366.4,88.959,65271,2.4,354071,34330,67001.31087550237,2319,7.93,14.562049313793906,6.1,254.3,55.75,ND,0.0063707671225326,0.003653399276776,0.002529433222562,0.0029407597794458,0.0040512997609712,0.0025856417481381,0.0023794207380154,0.0015439711691627,0.0032077783954567,0.0028616792577431,23897,17470,0.0039871194867816,0.0029126181219198,0.6370767122532675,0.2529433222562063,0.4051299760971283,0.2379420738015431,0.3207778395456789,0.3653399276776061,0.2940759779445884,0.2585641748138134,0.1543971169162753,0.2861679257743161,0.3987119486781623,0.2912618121919827,1.5978370208501271,1.2543351458542487,0.0023836476357509996,0.0007407811548562002,0.0027173678457566,0.6344011587683208,1.009661979822968,-0.0014576862642196003,2.8141657525999984e-05,-0.0004113265568838,1.0160969026392048,0.8877379868919517,6.418027418959946e-05,-0.0003269763737816997,0.0014656580128330995,0.5967768826351544,0.5300973572687309,-0.0016076987487662004,-0.0013686469527570998,0.0008354495688526998,0.804535305774349,0.9825109705273947,-0.0007793410913249001,-5.0938864176699756e-05,0.00034609913771359996
39,47905,43648,1061428,4257,45.13259495698248,41.12196022716567,4.010634729816813,47992,43372,1562307,4620,30.718674370658263,27.76150910160423,2.957165269054033,42087,31702,2919143,10385,14.417587627601662,10.860036661444814,3.5575509661568483,11210,14809,1500463,-3599,7.471027276247399,9.869620243884722,-2.3985929676373225,18961,15769,2271397,3192,8.347726091035605,6.94242353934605,1.405302551689555,Ohio,11883304,1090,239800,26.75940017714404,4.81918017859101,0.9709194197585744,32.351177891052195,40860.69,290.82484901747864,721997.3,92.774,56232,4.3,4784025,328831,65532.74025930048,31411,11.29,21.60165294490184,6.7,293.7,78.98,OH,0.0300031064692221,0.0271196550395784,0.0274830335560784,0.0248774396633756,0.028498588173157,0.021514439553668,0.0210856177653383,0.0278837427367453,0.0295255758040078,0.0246185598556202,168155,149300,0.0280559935263741,0.0248914645450847,3.000310646922216,2.7483033556078458,2.8498588173157007,2.1085617765338327,2.9525575804007853,2.7119655039578494,2.487743966337564,2.151443955366801,2.7883742736745383,2.4618559855620243,2.8055993526374183,2.489146454508473,1.0694009620802634,1.0895162472444273,0.001947112942848002,0.0022281904944936974,0.0028834514296437012,0.9795779832299617,0.9994365585968756,-0.0005729599702956993,-1.4024881709102932e-05,0.0026055938927028004,1.0157754045090879,0.8643300001371932,0.00044259464678290256,-0.0033770249914167015,0.006984148619489001,0.7515548414108636,1.1202130226705154,-0.006970375761035798,0.002992278191660598,-0.006798124971406999,1.0523803327888643,0.9890362140415563,0.0014695822776337013,-0.0002729046894645003,0.004907015948387598
40,23494,17238,404802,6256,58.03825079915613,42.583781700683296,15.454469098472831,22180,20787,542366,1393,40.89489385396577,38.32651751769101,2.5683763362747665,22778,14679,1024295,8099,22.237734246481725,14.33083242620534,7.906901820276385,7848,4276,468502,3572,16.751262534631657,9.126962104750886,7.624300429880769,8104,4230,692081,3874,11.709612025182023,6.112001340883509,5.597610684298514,Oklahoma,4095393,1044,222100,26.8915689996184,5.933627050951927,0.2851042237425886,29.319342163737456,68594.92,59.704027645195886,210315.9,87.843,58692,3.3,1355649,123123,58363.852151995095,13669,9.09,20.125243599877905,11.5,422.8,82.26,OK,0.0147143927228453,0.0107104246144669,0.0127015686838185,0.0119230687605503,0.0154237850502095,0.009961846514677,0.0147618134007471,0.0080512447796828,0.0126193379207678,0.0066038752101765,84404,61210,0.0140824719907233,0.010205000300098,1.4714392722845324,1.2701568683818558,1.5423785050209573,1.476181340074712,1.2619337920767872,1.0710424614466965,1.1923068760550342,0.996184651467708,0.8051244779682845,0.6603875210176525,1.408247199072336,1.0205000300098033,1.0448728555993771,1.0495271239104271,0.0006319207321220013,0.0005054243143688998,0.0040039681083784,0.9019416968970748,1.1683555521733595,-0.0013809033069047995,0.0017180684604522992,0.0007784999232681999,1.095246989333249,0.9761730741528086,0.001341313059486201,-0.00024315378542100023,0.0054619385355325,1.0482402102749653,0.7889509596198132,0.0006793414100238013,-0.0021537555204152008,0.006710568621064301,0.8961024690182714,0.6471215106297529,-0.0014631340699554993,-0.003601125089921501,0.0060154627105913
41,24906,25042,362169,-136,68.76900010768453,69.14451540579122,-0.375515298106685,27579,27640,585020,-61,47.14197805203241,47.246247991521656,-0.1042699394892482,27841,26503,1148112,1338,24.249376367462407,23.08398483771618,1.165391529746227,10293,7490,501604,2803,20.52017129050008,14.932097830160844,5.588073460339232,15139,12971,850217,2168,17.80604245739617,15.256105206082683,2.549937251313488,Oregon,4272371,1597,497500,34.301226300974044,5.116879009800678,2.414279636471145,37.843202149270994,95988.01,44.50942362488815,263347.7,103.361,55451,4.2,1701612,180622,69890.64363850278,14621,11.11,20.499941596826204,5.2,331.0,89.93,OR,0.0155987343643136,0.0155592558994942,0.0157933526930131,0.0158538327099442,0.0188521204488051,0.0179861583335708,0.0193607728509034,0.0141028586061329,0.0235740568586506,0.0202503227780613,105758,99646,0.0176453020330188,0.0166130936105794,1.5598734364313682,1.5793352693013163,1.8852120448805196,1.9360772850903425,2.3574056858650647,1.555925589949424,1.5853832709944264,1.798615833357086,1.4102858606132953,2.02503227780614,1.7645302033018828,1.6613093610579457,0.8840162857583532,0.936565835612092,-0.0020465676687052015,-0.0010538377110851978,3.9478464819399026e-05,0.895045755717854,0.9542974404146081,-0.0018519493400057027,-0.0007592609006351995,-6.048001693110053e-05,1.0683931855361863,1.0826495507204643,0.0012068184157862996,0.001373064722991403,0.0008659621152342992,1.0972196913758985,0.8489002070723328,0.0017154708178846005,-0.0025102350044464983,0.005257914244770501,1.335996222367722,1.2189374991040607,0.0059287548256318,0.003637229167481902,0.003323734080589301
42,62962,63450,1188407,-488,52.98016588592965,53.39079961662966,-0.4106337307000043,59291,63594,1665429,-4303,35.601037330321496,38.18475599980545,-2.5837186694839587,48649,48196,3222374,453,15.09725438450037,14.956674799387036,0.1405795851133357,13240,20148,1711578,-6908,7.735551637144202,11.771593231509168,-4.036041594364966,19159,21167,2665974,-2008,7.186491691216793,7.939687333784951,-0.7531956425681571,Pennsylvania,13078751,1252,277600,27.630814267948143,4.830760355660342,4.172715276390103,36.36676630307203,44742.7,292.310276313231,803232.5,97.572,58620,3.6,5345984,375291,71759.6643893809,24810,12.51,23.45520646547887,5.8,245.6,87.45,PA,0.0394333699930104,0.0394231605631702,0.0339535035542058,0.0364764340577494,0.032941949201319,0.0327080287908833,0.0249039767362247,0.0379365013613306,0.0298338962517265,0.0330459164477083,203301,216555,0.0339199639612583,0.036104294069396,3.943336999301045,3.3953503554205864,3.294194920131906,2.4903976736224758,2.983389625172652,3.942316056317026,3.647643405774948,3.270802879088334,3.793650136133068,3.304591644770839,3.3919963961258355,3.610429406939601,1.162541624102232,1.0919244255931166,0.005513406031752099,0.003318866493774199,1.0209429840202233e-05,1.0009887862199915,1.0103073608817308,3.3539592947502694e-05,0.0003721399883533996,-0.0025229305035435953,0.9711669870564621,0.9059318187475224,-0.0009780147599392983,-0.0033962652785126946,0.0002339204104356979,0.7341982074234745,1.0507476282021446,-0.009015987225033599,0.0018322072919346039,-0.013032524625105901,0.8795379701995348,0.9152904744291858,-0.0040860677095318,-0.0030583776216876954,-0.003212020195981803
44,12067,8463,111702,3604,108.02850441352884,75.76408658752753,32.26441782600133,11073,8695,150668,2378,73.49271245387209,57.70966628613906,15.783046167733028,5737,6573,276355,-836,20.75953031426969,23.78462484847388,-3.025094534204194,1531,1691,149879,-160,10.214906691397728,11.282434497161043,-1.0675278057633155,1429,3085,220168,-1656,6.490498165037607,14.01202717924494,-7.521529014207332,Rhode Island,1112308,1418,455700,36.02086019298801,3.763984247028892,2.130934603387794,39.00309884953643,1033.81,1075.9307803174663,63459.1,102.28,55878,4.3,433425,48281,66499.5334233143,1757,24.15,22.62292278222797,4.6,153.6,78.49,RI,0.0075576137305939,0.0052582853876455,0.006341049144992,0.0049873037414242,0.0038847245075534,0.0044607410001343,0.0028797574307522,0.0031839698134807,0.0022252016151008,0.0048163014239703,31837,28507,0.0053118769343711,0.0047527192216123,0.7557613730593962,0.6341049144992015,0.3884724507553443,0.2879757430752273,0.222520161510085,0.5258285387645546,0.4987303741424218,0.4460741000134371,0.3183969813480751,0.4816301423970349,0.5311876934371116,0.4752719221612393,1.422776510820781,1.1063740865932519,0.0022457367962228003,0.0005055661660331992,0.0022993283429484004,1.1937492572468171,1.0493579588596693,0.0010291722106209001,0.0002345845198118996,0.0013537454035677998,0.7313280325485049,0.9385660696827468,-0.0014271524268176998,-0.00029197822147800003,-0.0005760164925809005,0.5421355702197098,0.6699259234591557,-0.0024321195036188996,-0.0015687494081316005,-0.0003042123827284998,0.4189106115584835,1.0133780683001152,-0.0030866753192702995,6.358220235799968e-05,-0.0025910998088695
45,45043,29118,503116,15925,89.52806112308096,57.87532099953092,31.65274012355004,38322,31910,688592,6412,55.6526941933685,46.34093919185817,9.311755001510328,37777,25796,1353384,11981,27.9129943903578,19.06037015362972,8.852624236728083,15987,7708,701176,8279,22.800266980044952,10.99296039796,11.807306582084957,21389,14694,1082724,6695,19.754803624931192,13.571325656399967,6.183477968531223,South Carolina,5478831,1272,299500,27.602400478656165,7.865993439722847,0.3274899013252432,33.33325491991899,30060.7,182.258929432781,278032.8,93.749,52463,4.1,1918314,186229,60719.812601065314,47072,10.9,23.255241529813205,9.0,436.7,87.08,SC,0.0282106236236963,0.0180917823369328,0.0219454244860818,0.01830303190211,0.0255801355624623,0.0175063555209898,0.0300709876194883,0.0145133289901298,0.0333063942235074,0.0229402700563437,158518,109226,0.026448098372417,0.0182102820254616,2.8210623623696347,2.194542448608182,2.5580135562462334,3.0070987619488303,3.330639422350741,1.8091782336932885,1.830303190211004,1.7506355520989847,1.451332899012988,2.29402700563437,2.6448098372417013,1.821028202546165,1.066640906520427,0.9934927043764004,0.0017625252512793003,-0.00011849968852880102,0.010118841286763502,0.8297543429046269,1.0050932696439692,-0.004502673886335198,9.274987664839932e-05,0.0036423925839718027,0.9671824114636571,0.9613445577895187,-0.0008679628099547004,-0.0007039265044717982,0.008073780041472498,1.1369810863547622,0.7969854047201068,0.0036228892470713016,-0.0036969530353317993,0.015557658629358501,1.2593114920595951,1.2597427115224593,0.006858295851090403,0.0047299880308821,0.010366124167163704
46,6348,6612,83838,-264,75.71745509196307,78.86638517140199,-3.148930079438918,4577,7504,116985,-2927,39.12467410351754,64.14497585160491,-25.020301748087363,5418,4982,219782,436,24.6517003212274,22.66791638987724,1.983783931350156,1569,2555,110627,-986,14.18279443535484,23.09562764966961,-8.91283321431477,2652,3358,175902,-706,15.076576730224785,19.090175211197145,-4.01359848097236,South Dakota,924669,999,289600,24.370785400024065,7.077702187376064,0.2220994173304784,34.181672913030084,75811.0,12.197029454828456,57718.0,88.586,69153,1.8,381950,37934,58673.46198978924,6017,10.87,15.548906314486176,8.1,362.3,56.61,SD,0.0039757795609356,0.0041082102071502,0.0026210586053127,0.0043041664491831,0.0036687183862514,0.003381015010295,0.0029512341011432,0.0048107882161107,0.004129625390656,0.0052425089729959,20564,25011,0.003431021681641,0.0041698621549706,0.3975779560935648,0.2621058605312783,0.3668718386251448,0.2951234101143251,0.4129625390656022,0.4108210207150224,0.4304166449183131,0.3381015010295062,0.4810788216110774,0.5242508972995927,0.3431021681641097,0.4169862154970624,1.1587742456451198,0.9852148714923564,0.0005447578792945997,-6.165194782039966e-05,-0.00013243064621460028,0.7639294788889506,1.0322083294893587,-0.0008099630763282999,0.00013430429421250074,-0.0016831078438704003,1.0692786949969706,0.8108217693154988,0.0002376967046103999,-0.0007888471446755997,0.00028770337595639996,0.8601618919912143,1.153704376144928,-0.00047978758049779975,0.0006409260611401008,-0.0018595541149675002,1.2036139010001445,1.25723795611485,0.0006986037090150003,0.0010726468180253003,-0.0011128835823398997
47,40877,30998,654793,9879,62.42736254052807,47.34015177315579,15.087210767372284,51620,39971,992689,11649,52.00017326675323,40.26538019460274,11.734793072150492,34562,32305,1821201,2257,18.97758676829192,17.738294674777798,1.2392920935141152,19013,13748,908689,5265,20.92355030158833,15.12948874697504,5.794061554613295,15481,12866,1273979,2615,12.151691668387,10.099067567047808,2.05262410133919,Tennessee,7227750,1284,332600,27.728923283363464,6.651766284464261,0.4520381229354028,32.41739613549968,41234.9,175.28234577990972,440200.2,91.87,58582,3.4,2838835,222670,67904.40084295142,44863,10.9,23.38296626788689,9.7,592.3,77.78,TN,0.0256014399987974,0.019259875983249,0.029560639109951,0.0229266840538777,0.0234031459700299,0.0219236631689245,0.0357627877406224,0.0258859946751823,0.0241066103592556,0.0200863967976669,161553,129888,0.0269544760617664,0.021655073990837,2.5601439998797497,2.9560639109951032,2.340314597003,3.576278774062245,2.410661035925561,1.925987598324904,2.2926684053877797,2.1923663168924525,2.588599467518236,2.008639679766694,2.69544760617664,2.1655073990837006,0.9498029173385338,0.8893932198707106,-0.001353036062969,-0.002395198007588001,0.0063415640155484,1.0966875795401312,1.0587211137481571,0.0026061630481846003,0.0012716100630407005,0.006633955056073299,0.8682471110327429,1.0124030598187357,-0.0035513300917364987,0.00026858917808749924,0.0014794828011054015,1.326784748428116,1.1953777985767007,0.008808311678856002,0.004230920684345302,0.0098767930654401,0.8943453511771147,0.9275607557917438,-0.0028478657025107976,-0.001568677193170099,0.004020213561588701
48,106013,106604,3056382,-591,34.68578207828733,34.87914795990815,-0.1933658816208183,145953,119045,4514557,26908,32.32941792516962,26.369143196109828,5.960274729059795,129888,105481,8326020,24407,15.600250780084602,12.66883817238008,2.9314126077045213,35495,32333,3370913,3162,10.529788220580004,9.59176341839733,0.9380248021826728,36088,29829,4365469,6259,8.266694827062109,6.832942806374298,1.4337520206878116,Texas,31290831,1475,313200,33.26350077455711,8.453435360035595,0.980350882248381,35.163830573798585,261231.71,119.7819016688288,2221943.3,97.057,58219,4.1,11910861,829105,76726.80937910367,225756,9.79,24.10563091468739,16.7,389.4,90.99,TX,0.0663963954936154,0.0662358803573869,0.0835812468038489,0.0682821821619144,0.0879517338046194,0.0715842722402515,0.0667648530402037,0.0608795363567552,0.0561952945316721,0.0465690292303441,453437,393292,0.0756541615570071,0.0655700862281678,6.639639549361545,8.358124680384895,8.795173380461941,6.676485304020375,5.619529453167214,6.623588035738695,6.828218216191444,7.158427224025159,6.087953635675525,4.65690292303441,7.565416155700712,6.557008622816787,0.8776304452674982,1.0101539309694103,-0.00925776606339171,0.0006657941292190911,0.00016051513622850067,1.1047805577868781,1.041361786902478,0.007927085246841797,0.0027120959337465916,0.015299064641934507,1.1625498451707221,1.0917214900580703,0.012297572247612298,0.0060141860120837,0.0163674615643679,0.8825007331539176,0.9284650952708733,-0.008889308516803404,-0.004690549871412604,0.005885316683448501,0.7427918487911295,0.7102175993530848,-0.019458867025335003,-0.0190010569978237,0.009626265301328
49,31161,25205,417656,5956,74.60924780201888,60.34870802765913,14.26053977435976,19627,23366,528334,-3739,37.14884902353435,44.2258117024458,-7.076962678911446,17994,14608,878482,3386,20.483060552179783,16.62868448072926,3.854376071450525,5754,4202,311466,1552,18.473926528096165,13.491039150340647,4.982887377755517,5007,4750,434922,257,11.512409121635605,10.92149856755924,0.5909105540763632,Utah,3503613,1593,545200,29.24289192758023,6.095640910959382,1.8707607813203948,39.11756619437824,82169.62,42.63878791212616,234300.6,98.864,55116,3.2,1451665,135539,66893.2345203611,23902,9.97,20.461842850358032,8.3,229.6,84.88,UT,0.0195162676273339,0.0156605321039354,0.0112395711703023,0.0134023391859825,0.0121843703658561,0.0099136626395805,0.0108230726692022,0.0079119107961242,0.007796770109734,0.0074156991130823,79543,72131,0.0132714334576336,0.0120257617488379,1.951626762733392,1.123957117030238,1.2184370365856134,1.0823072669202207,0.779677010973405,1.5660532103935485,1.340233918598255,0.9913662639580544,0.7911910796124256,0.7415699113082386,1.3271433457633623,1.2025761748837955,1.470547073127834,1.3022486584227184,0.0062448341697003,0.003634770355097499,0.0038557355233985006,0.8468995610897938,1.1144690428677104,-0.0020318622873313,0.0013765774371445987,-0.002162768015680199,0.9180900017132488,0.8243687881591782,-0.0010870630917774998,-0.002112099109257401,0.0022707077262756007,0.8155164778358492,0.6579134828518253,-0.0024483607884314,-0.0041138509527137,0.0029111618730779994,0.5874851525740329,0.6166510918777274,-0.0054746633478996,-0.004610062635755601,0.00038107099665170025
50,8993,4714,62118,4279,144.7728516694034,75.88782639492578,68.88502527447761,4701,4075,74766,626,62.87617366182489,54.50338389107348,8.37278977075141,4641,2632,161210,2009,28.78853669127225,16.3265306122449,12.462006079027356,2669,1144,89886,1525,29.69316690029593,12.727232271988964,16.965934628306968,1676,1299,148485,377,11.287335421086304,8.748358420042429,2.5389770010438766,Vermont,648493,1319,352800,30.507655455475085,2.1386440032980274,1.4279212485134996,45.09610053399727,9216.66,70.36095505313205,36398.9,97.958,58893,2.3,255878,30789,64004.110025090085,2654,18.41,20.55805196435296,4.2,219.1,47.77,VT,0.0056323543779921,0.0029289326854969,0.0026920682769445,0.0023373505171137,0.0031425843541146,0.0017861966092124,0.005020295612461,0.002154028070149,0.0026098235877599,0.0020279985574513,22680,13864,0.0037840678729634,0.0023114217310988,0.5632354377992169,0.2692068276944591,0.3142584354114612,0.5020295612461017,0.2609823587759989,0.2928932685496999,0.2337350517113707,0.1786196609212485,0.2154028070149012,0.2027998557451372,0.3784067872963436,0.2311421731098825,1.488439046834871,1.267156333303377,0.0018482865050287005,0.0006175109543981,0.0027034216924952,0.7114217734250821,1.0112176785681486,-0.0010919995960188998,2.5928786014900018e-05,0.0003547177598307999,0.8304777978661261,0.7727696703635648,-0.0006414835188487998,-0.0005252251218864001,0.0013563877449022,1.3266928028247755,0.9319061256402662,0.0012362277394975998,-0.00015739366094980013,0.0028662675423119996,0.6896873088367944,0.877381453226726,-0.0011742442852034998,-0.0002834231736475001,0.0005818250303086
51,61443,53990,824337,7453,74.53626368827312,65.4950584530356,9.04120523523753,64037,65891,1160123,-1854,55.198457404947575,56.79656381263021,-1.5981064076826337,55799,57991,2308877,-2192,24.167160052267835,25.116539339254537,-0.949379286986704,16313,15483,1093443,830,14.918930387775127,14.15986018475586,0.7590702030192703,22707,17029,1550385,5678,14.646039532116216,10.983723397736693,3.662316134379525,Virginia,8811195,1646,403500,29.29724724415658,4.28368853311155,2.9602059719724245,43.341347081907095,39490.09,223.12420660474567,613708.7,101.104,61914,2.9,3369001,308528,77660.2568592292,34059,10.62,24.427072730227096,6.9,217.9,62.56,VA,0.0384820137937254,0.0335454127471325,0.036671341470049,0.0377939540915679,0.0377834657132603,0.0393553676158211,0.0306841822128424,0.0291528117221303,0.0353587495270084,0.0265856716203536,220299,210384,0.0367560127136671,0.035075457982941,3.848201379372544,3.6671341470049095,3.7783465713260336,3.068418221284248,3.5358749527008406,3.354541274713258,3.779395409156793,3.9355367615821137,2.915281172213038,2.6585671620353675,3.675601271366719,3.5075457982941094,1.0469583328720669,0.9563784673445279,0.0017260010800582981,-0.0015300452358084984,0.004936601046592902,0.9976963974771231,1.0775042227516758,-8.467124361809936e-05,0.0027184961086269,-0.001122612621518894,1.0279533312711897,1.122020064141761,0.001027452999593198,0.004279909632880101,-0.0015719019025607975,0.8348071498362771,0.8311455758128323,-0.0060718305008247014,-0.005922646260810696,0.0015313704907121,0.9619854526239415,0.7579565071761453,-0.0013972631866587051,-0.008489786362587397,0.008773077906654797
53,47285,44522,674671,2763,70.0860122933993,65.99068286616736,4.09532942723194,64084,50954,1209813,13130,52.97016977003885,42.117252831635966,10.852916938402878,49561,44631,2124435,4930,23.32902630581778,21.008409294706592,2.3206170111111897,11227,16681,918704,-5454,12.22047580069315,18.15709956634564,-5.9366237656524845,15766,19546,1378508,-3780,11.4370029045896,14.17909798129572,-2.74209507670612,Washington,7958180,1824,602200,33.4819512133532,4.755268516641196,4.204774442733767,41.01712522152337,66455.52,119.75197846619814,702232.3,107.013,64421,4.5,3003097,232529,97041.16348522875,37778,10.13,23.295632147429696,6.5,326.1,92.84,WA,0.0296147978164527,0.0276626943198339,0.0366982564262321,0.0292263455825795,0.0335594964822827,0.0302886553441346,0.0211175941705132,0.0314085159424437,0.024550404943093,0.0305152115503807,187923,176334,0.031354205771204,0.0293986035438243,2.9614797816452763,3.669825642623212,3.355949648228276,2.111759417051324,2.455040494309308,2.766269431983398,2.92263455825796,3.0288655344134665,3.140851594244377,3.05152115503807,3.135420577120404,2.9398603543824318,0.9445239350840521,0.9409526639113082,-0.0017394079547513007,-0.0017359092239904,0.0019521034966187983,1.1704412701129914,0.9941406073595292,0.005344050655028097,-0.00017225796124480108,0.0074719108436525974,1.0703347655230375,1.0302753087908922,0.0022052907110787015,0.0008900518003103,0.0032708411381481006,0.6735171136086566,1.0683676146597656,-0.010236611600690799,0.002009912398619397,-0.010290921771930497,0.7830019718005528,1.0379816682412102,-0.006803800828110999,0.0011166080065563994,-0.005964806607287699
54,11209,7125,153712,4084,72.92208806078901,46.35291974601853,26.56916831477048,8207,8609,213124,-402,38.5080985717235,40.39432443084777,-1.886225859124265,10024,7947,435320,2077,23.026738950656988,18.255536157309564,4.771202793347422,4250,2730,233394,1520,18.209551230965666,11.696958790714412,6.512592440251249,3877,3373,386851,504,10.02194643415682,8.719119247462201,1.3028271866946188,West Virginia,1769979,883,170800,20.98185843097025,5.667271380024018,0.5671089950043846,24.377999651608867,24038.21,73.631896884169,82716.5,89.497,50051,4.1,559911,57789,57700.35457778111,4192,11.05,21.81991253035614,5.8,248.8,64.37,WV,0.0070202446595034,0.0044269506542567,0.0046998094764697,0.0049379756078115,0.0067876030091887,0.0053932007801715,0.0079941012937277,0.0051402942583101,0.0060371635141679,0.0052659269701951,37567,29784,0.0062679046641806,0.0049656221032203,0.7020244659503415,0.4699809476469743,0.6787603009188724,0.7994101293727734,0.6037163514167948,0.4426950654256708,0.4937975607811511,0.5393200780171589,0.5140294258310143,0.5265926970195134,0.626790466418066,0.4965622103220385,1.1200305422037165,0.8915198463019848,0.0007523399953228002,-0.0005386714489635999,0.0025932940052467,0.7498214679824112,0.9944324205841458,-0.0015680951877109,-2.7646495408800015e-05,-0.0002381661313418,1.0829142070360511,1.0861077762389344,0.0005196983450081001,0.00042757867695120046,0.0013944022290171996,1.2754025024362372,1.0351762883801654,0.0017261966295471004,0.00017467215508980023,0.0028538070354176,0.9631868762568576,1.0604767863386235,-0.00023074115001269976,0.0003003048669748005,0.0007712365439727998
55,36614,33294,555061,3320,65.96392108254769,59.982596507410896,5.981324575136787,26320,21860,757466,4460,34.747434208268096,28.8593811471406,5.888053061127496,18380,18454,1454738,-74,12.634577497803727,12.685445764116976,-0.0508682663132467,8316,9089,789392,-773,10.534689989257556,11.513924640736162,-0.9792346514786064,11000,10218,1171042,782,9.39334370586196,8.725562362408864,0.6677813434530956,Wisconsin,5960975,1142,294700,26.41399212211433,4.308302701441158,1.36686289280467,34.55598113231965,54157.8,110.06678631702174,354382.1,94.095,58273,3.0,2557800,195879,63798.905527015406,23826,12.72,20.00462866281942,5.3,278.5,78.62,WI,0.0229315048588685,0.020686441415133,0.0150723754624934,0.0125385232648112,0.0124457445439833,0.012523735648331,0.0156421050255623,0.0171136023860003,0.0171289137621479,0.0159523396921001,100630,92915,0.0167897156109484,0.0154908936919393,2.2931504858868594,1.5072375462493437,1.2445744543983317,1.5642105025562316,1.7128913762147904,2.0686441415133023,1.25385232648112,1.2523735648331007,1.7113602386000324,1.5952339692100173,1.6789715610948437,1.5490893691939367,1.365806627714117,1.335393672341655,0.006141789247920099,0.005195547723193701,0.0022450634437354983,0.8977147565659099,0.8094125177126245,-0.0017173401484549995,-0.0029523704271280996,0.0025338521976822,0.7412719090886541,0.8084579171082774,-0.0043439710669651,-0.0029671580436083003,-7.79911043477001e-05,0.9316480033385582,1.1047524259304276,-0.001147610585386101,0.0016227086940610001,-0.001471497360438001,1.0202027335697283,1.0297882103729699,0.0003391981511994997,0.00046144600016079923,0.0011765740700478006
56,7937,4904,53288,3033,148.94535355051795,92.02822399039184,56.91712956012611,4774,4008,73811,766,64.67870642587148,54.30084946688163,10.377856958989852,5441,4560,148194,881,36.71538658785106,30.77047653751164,5.94491005033942,1623,1633,69966,-10,23.196981390961323,23.33990795529257,-0.1429265643312466,1521,1578,117373,-57,12.958687261976776,13.44431854003902,-0.485631278062246,Wyoming,587618,998,339500,26.847426147825303,3.374346031495649,1.1064017360640173,32.28336069418386,97093.14,6.052106255910561,39780.7,92.691,75501,3.2,214502,29070,61440.2209396649,2135,9.14,13.84103078427797,10.3,203.4,53.41,WY,0.0049709770597268,0.0030469847029438,0.0027338723578246,0.0022989204595317,0.0036842924953108,0.0030946263442283,0.0030528062116988,0.0030747620966375,0.0023684616211115,0.0024635733053566,21296,16683,0.003553152972779,0.0027814085934738,0.4970977059726881,0.2733872357824607,0.3684292495310838,0.3052806211698849,0.2368461621111542,0.3046984702943844,0.2298920459531715,0.3094626344228318,0.3074762096637532,0.2463573305356632,0.355315297277907,0.2781408593473868,1.3990326613601687,1.095482594715907,0.0014178240869477995,0.0002655761094699999,0.0019239923567829996,0.7694215190758807,0.8265310119936375,-0.0008192806149544003,-0.00048248813394210013,0.00043495189829289996,1.0369079303752105,1.1126111968911807,0.00013113952253179968,0.0003132177507545,0.0005896661510824998,0.8591823192208727,1.1054694027522654,-0.0005003467610802002,0.00029335350316370004,-2.195588493870016e-05,0.6665802568187976,0.8857286596212589,-0.0011846913516675001,-0.00031783528811720006,-9.511168424509997e-05
