state,IN_COUNT_18_24,OUT_COUNT_18_24,POP_AGE_18_24,NET_COUNT_18_24,IN_RATE_18_24,OUT_RATE_18_24,NET_RATE_18_24,IN_COUNT_25_34,OUT_COUNT_25_34,POP_AGE_25_34,NET_COUNT_25_34,IN_RATE_25_34,OUT_RATE_25_34,NET_RATE_25_34,IN_COUNT_35_54,OUT_COUNT_35_54,POP_AGE_35_54,NET_COUNT_35_54,IN_RATE_35_54,OUT_RATE_35_54,NET_RATE_35_54,IN_COUNT_55_64,OUT_COUNT_55_64,POP_AGE_55_64,NET_COUNT_55_64,IN_RATE_55_64,OUT_RATE_55_64,NET_RATE_55_64,IN_COUNT_65_PLUS,OUT_COUNT_65_PLUS,POP_AGE_65_PLUS,NET_COUNT_65_PLUS,IN_RATE_65_PLUS,OUT_RATE_65_PLUS,NET_RATE_65_PLUS,state_name,POP,MED_RENT,MED_HOMEVAL,COST_BURDEN_ALL,VACANCY_RATE,TRANSIT_SHARE,BA_PLUS,LAND_AREA,POP_DENS,GDP,RPP,REAL_PCPI,UNEMP,PRIV_EMP,PRIV_ESTAB,PRIV_AVG_PAY,PERMITS,ELEC_PRICE_TOT,COMMUTE_MED,UNINSURED,CRIME_VIOLENT_RATE,NRI_RISK_INDEX
01,27864,21983,485435,5881,57.400063860249055,45.28515661211079,12.114907248138268,24572,23041,655347,1531,37.494640244023394,35.158473297352394,2.336166946671,24248,18842,1281732,5406,18.918151376418784,14.700420992844057,4.217730383574725,11202,6904,647816,4298,17.291947096089014,10.657347147955592,6.63459994813342,9245,7066,955166,2179,9.678945858625621,7.397667002384925,2.281278856240695,Alabama,5157699,1077,233300,25.5359965972786,7.561434375294372,0.43758695045056095,29.853581619073797,50645.33,101.83957731147176,255629.4,88.823,52216,3.1,1717475,154400,61241.33778599397,20725,11.9,22.992585563415453,8.2,359.9,82.67
02,7363,8184,68011,-821,108.26189881048654,120.33347546720384,-12.071576656717296,9463,10961,113311,-1498,83.51351589872122,96.7337681248952,-13.220252226173981,6410,8331,190818,-1921,33.592218763429024,43.659403200955886,-10.067184437526858,1384,3051,84380,-1667,16.401990993126333,36.15785731215928,-19.755866319032947,1027,3056,109415,-2029,9.386281588447654,27.930356898048714,-18.54407530960106,Alaska,740133,1444,376500,26.370851502490467,6.685146917998085,0.6795899254937386,32.754597087105665,570640.95,1.2970204819685656,55945.7,102.359,60272,4.6,253788,23333,71479.76712452913,1032,22.17,16.332883164794623,11.0,724.1,78.75
04,45570,37875,726880,7695,62.69260400616333,52.10626238168611,10.586341624477217,50663,42004,1047734,8659,48.35483051996022,40.09032827034343,8.264502249616791,44372,34311,1850112,10061,23.98341289608413,18.545363740141138,5.438049155942991,24557,17006,880749,7551,27.88195047624238,19.308565777537073,8.573384698705306,34586,22658,1491158,11928,23.194054553575143,15.194902216934759,7.999152336640383,Arizona,7582384,1672,426000,31.347722948222533,6.786212820788146,1.1360979877515311,34.73430348633038,113594.08,66.74981653973516,446968.2,100.677,52890,3.6,2814912,222682,70192.19139426028,59616,12.74,23.597950536535077,10.3,421.9,97.74
05,16833,11325,291543,5508,57.73762360955331,38.84504172626336,18.892581883289942,9582,13389,390523,-3807,24.536326925686836,34.28479244500324,-9.748465519316404,14047,12960,773267,1087,18.165782323569996,16.760058298104017,1.4057240254659775,5624,4024,372173,1600,15.111252025267818,10.812176057908554,4.299075967359266,5541,4856,562707,685,9.847042954859278,8.629713154448051,1.2173298004112265,Arkansas,3088354,982,215600,24.946140136707,5.962598002059033,0.2850755417733386,27.117317158009598,52035.48,59.35092748255613,147389.9,86.937,55219,3.5,1097701,99464,58721.44880527575,13684,9.59,19.761428791107402,9.4,579.4,76.41
06,94331,135102,3644130,-40771,25.885739531794968,37.073869483251144,-11.188129951456178,121481,158750,5708737,-37269,21.279838254941506,27.808252508391963,-6.528414253450457,81536,149312,10463439,-67776,7.792466702391059,14.269878192055213,-6.477411489664154,21431,53309,4678758,-31878,4.5804890956104165,11.393835714520819,-6.813346618910403,32962,60225,6524861,-27263,5.051755125511486,9.23008168296612,-4.178326557454634,California,39431263,2104,759500,41.215192049537755,4.257601506500651,3.297796045998231,38.12364901183692,155779.22,253.12273999060977,3306928.6,110.72,63028,5.3,15546764,1812802,92116.48331633516,101545,27.04,24.947765341423533,5.9,486.0,98.8
08,40472,43277,545685,-2805,74.16733096933213,79.30765918066284,-5.140328211330713,54339,55557,943431,-1218,57.597216966582614,58.888249379127885,-1.2910324125452737,37615,42807,1611095,-5192,23.347474854058884,26.570127770243218,-3.2226529161843342,11419,16047,670072,-4628,17.041452261846487,23.94817273367638,-6.906720471829893,14274,17400,980364,-3126,14.559898160275162,17.74850973719965,-3.1886115769244894,Colorado,5957494,1822,574600,34.30883280400921,4.5544885009052285,1.724779169542351,47.7663769613138,103641.89,57.481526050904705,448838.5,103.052,65223,4.3,2436000,246252,81425.54986247947,32185,12.07,22.89894431155406,7.9,476.3,84.99
09,20790,24318,341838,-3528,60.81828234426834,71.13896056026539,-10.32067821599705,19774,19886,468204,-112,42.233727178751145,42.47293914618414,-0.2392119674329993,18178,17981,920016,197,19.758352028660372,19.54422531782056,0.21412671083981147,6641,6398,504454,243,13.164728597652115,12.68301966086105,0.4817089367910652,6395,8685,713337,-2290,8.964907189729399,12.17517106220482,-3.210263872475422,Connecticut,3675069,1550,396900,34.62148725119998,4.278096832749124,4.01688444441599,42.56536138949529,4842.36,758.9417143706788,286160.1,103.61,74254,3.2,1459801,145501,88959.23517041022,5926,24.37,22.62298272072319,5.8,136.0,93.0
10,7876,7676,91460,200,86.11414826153509,83.92739995626503,2.1867483052700636,6737,9289,127148,-2552,52.985497215842955,73.05659546355429,-20.07109824771133,7649,3672,248517,3977,30.77857852782707,14.775649150762321,16.00292937706475,3831,2319,143222,1512,26.748683861417938,16.191646534750248,10.557037326667691,3956,2695,227824,1261,17.364281199522438,11.829306833345038,5.5349743661774005,Delaware,1051917,1530,371600,28.422959757848577,7.55671991046902,2.3464044449774155,35.99156835777161,1948.54,539.8488098781652,85350.5,99.808,55185,3.7,409731,45178,72499.77583585327,7141,13.56,22.955674919652424,6.9,360.8,93.04
12,82508,83117,1906324,-609,43.28120508371085,43.60066809209767,-0.31946300838682196,109141,113810,2925033,-4669,37.31274142890012,38.90896273648878,-1.5962213075886664,122794,118711,5898172,4083,20.818992731985436,20.126744354013415,0.6922483779720225,72392,40496,3056397,31896,23.6854047429048,13.249587668094165,10.435817074810634,94365,65190,5094353,29175,18.52345135878884,12.796521952836798,5.726929405952041,Florida,23372215,1812,396900,38.856413075284344,8.422016777842776,1.2912059812452905,35.836379912636744,53624.76,435.8474518114393,1352275.1,103.414,57131,3.4,8729175,876034,69297.92033072999,173326,12.53,26.015276588821497,10.9,267.1,95.32
13,43035,47304,1060982,-4269,40.5614798366042,44.58511077473511,-4.023630938130902,59193,57047,1526208,2146,38.784359667882754,37.378260368180484,1.4060992997022685,67536,49126,2949805,18410,22.89507272514624,16.653982212383532,6.241090512762708,19327,16416,1347149,2911,14.346594177778405,12.185734465897982,2.160859711880423,21952,19013,1765603,2939,12.433146069643062,10.768558956911605,1.6645871127314578,Georgia,11180878,1506,343300,31.483946386550958,7.714738056691026,1.2023791387200922,36.310282371374,57513.49,194.40444320106465,697450.9,96.293,52952,3.5,4183693,383400,71591.73513209501,68367,11.4,25.78604318730946,12.0,325.7,73.59
15,12646,8790,115613,3856,109.3821629055556,76.02951225208238,33.352650653473226,13415,15102,185706,-1687,72.23783830355508,81.32208975477367,-9.084251451218593,10606,10725,366453,-119,28.94232002466892,29.267054710972484,-0.32473468630356417,3334,3201,173509,133,19.215141577670323,18.448610734889833,0.7665308427804898,3331,3608,311305,-277,10.70011724835772,11.58991985351986,-0.88980260516214,Hawaii,1446146,1942,875900,37.68744258857835,5.9421749490284705,4.2980666445243925,37.7574922394315,6422.63,225.16414615196578,91878.0,109.951,52272,3.0,516956,57568,64847.067742709245,3879,38.0,23.720002180668374,3.5,217.7,97.36
16,17927,15929,198965,1998,90.10127409343352,80.0593069132762,10.041967180157314,15946,14401,259321,1545,61.49135627272762,55.53348938188577,5.957866890841852,14678,11898,492965,2780,29.774933311695555,24.135587719209276,5.639345592486282,5224,3345,227570,1879,22.955574109065342,14.698774003603287,8.256800105462055,8670,4660,355551,4010,24.38468742880768,13.106417925979677,11.278269502828005,Idaho,2001619,1384,446400,27.589622208229443,4.759423924273062,0.46163832764031915,33.026560441872775,82643.12,24.220031867141515,99567.3,95.494,52816,3.7,734589,99957,60149.488980913135,17630,9.51,19.00943523750304,9.2,230.6,65.74
17,56452,80140,1168050,-23688,48.330122854329865,68.61007662343222,-20.27995376910235,55595,63390,1737093,-7795,32.00461921152178,36.492001291813395,-4.487382080291614,35261,54547,3269377,-19286,10.78523522983125,16.684218430606197,-5.898983200774949,12996,21818,1568396,-8822,8.286172624770785,13.911027572118266,-5.624854947347481,13432,25994,2274582,-12562,5.905260834737987,11.428033810168198,-5.522772975430211,Illinois,12710158,1322,280700,29.903154434243575,4.209386086683832,6.9718165426465735,39.230752019787,55518.93,228.9337708777889,899125.9,99.958,60333,5.0,5236228,387954,78251.40868636736,20326,12.21,24.92326662825834,6.9,289.2,90.39
18,36311,33542,659956,2769,55.02033468897927,50.82460042790731,4.195734261071951,31007,32527,929702,-1520,33.35154705486274,34.98647953860484,-1.6349324837421022,24004,25367,1704962,-1363,14.078906157439286,14.878337464412697,-0.7994313069734106,8917,7896,832526,1021,10.710776600370439,9.484388475555118,1.226388124815321,10992,9822,1218401,1170,9.02166035648362,8.061385373124283,0.9602749833593374,Indiana,6924275,1104,243500,25.814758918403236,5.217695301082602,0.5899066770855499,30.656260864424574,35826.11,193.27454194719996,412003.4,93.329,55562,4.2,2780349,186716,63313.84257695707,26633,11.38,21.826859795720054,7.5,312.9,72.54
19,21022,17585,321744,3437,65.33765975433886,54.65525386642797,10.682405887910885,12694,17398,410098,-4704,30.95357694989978,42.4240059693049,-11.470429019405119,10124,13117,780148,-2993,12.977024872203735,16.81347641729518,-3.8364515450914443,3788,3975,389525,-187,9.724664655670368,10.204736538091264,-0.48007188242089727,4627,8157,612603,-3530,7.553015574523794,13.315311874084848,-5.762296299561053,Iowa,3241488,981,227300,23.786717799768056,5.709335815476684,0.8258230954060862,32.050781481626764,55857.13,58.03176783339925,206438.9,87.762,60144,3.0,1315014,105436,61489.50445318453,12544,9.34,17.723408749723134,5.4,243.3,62.85
20,21565,22415,297448,-850,72.5000672386434,75.35770958285146,-2.857642344208063,20970,22209,386725,-1239,54.224578188635334,57.428405197491756,-3.2038270088564227,15489,15582,721952,-93,21.454334914232525,21.583152342538007,-0.1288174283054829,6830,4875,344079,1955,19.850092565951424,14.16825787101218,5.681834694939243,5889,4312,533774,1577,11.032759182725274,8.078325283734314,2.954433898990959,Kansas,2970606,1079,238700,25.35840195819571,5.7818129693562454,0.34957619322564826,36.04853689599452,81758.72,36.33381246673137,181599.6,90.068,59172,3.6,1182582,94959,62203.88131647531,9063,11.21,17.841169293510053,8.5,438.7,71.33
21,20545,13510,421989,7035,48.6861031922633,32.01505252506582,16.671050667197488,22437,23020,599428,-583,37.43068391866913,38.40327779149456,-0.9725938728254269,21784,20042,1146108,1742,19.00693477403526,17.48700820516042,1.5199265688748356,6481,6151,574786,330,11.275500795078516,10.701374076612861,0.574126718465655,7842,6429,825850,1413,9.495671126717927,7.784706665859417,1.7109644608585095,Kentucky,4588372,998,226000,24.89611119211603,4.224944288646402,0.6345409656568534,27.944085701608177,39486.34,116.20150158257262,230966.4,90.159,52290,5.1,1693939,152232,60560.830660962405,16264,10.07,21.238819709203717,6.8,213.1,67.97
22,16245,19999,418749,-3754,38.79412249342685,47.75892002130154,-8.964797527874694,15017,14524,591010,493,25.409045532224496,24.574880289673608,0.8341652425508874,17781,26752,1154047,-8971,15.407518064688873,23.181031621762372,-7.773513557073499,4546,5689,551533,-1143,8.242480504339722,10.314885963305914,-2.0724054589661907,4156,5899,819864,-1743,5.06913341724969,7.195095771981695,-2.125962354732004,Louisiana,4597740,1064,223200,29.758540588924074,8.1161111964368,0.9267171134347554,27.836476970300218,43203.9,106.41955934533688,257055.9,88.207,56789,4.4,1615842,149265,61699.661804805175,14310,8.8,21.892235272184937,7.7,519.8,86.16
23,6987,8853,110476,-1866,63.24450559397516,80.13505195698613,-16.89054636301097,9281,5788,172085,3493,53.9326495627161,33.634541069820145,20.298108492895953,7063,3980,343776,3083,20.54535511495858,11.577306152843713,8.968048962114866,3654,2117,204070,1537,17.905620620375363,10.373891311804773,7.531729308570588,5096,3928,329926,1168,15.445887865763838,11.905700066075424,3.540187799688415,Maine,1405012,1210,341900,27.61140052175185,3.6023648315434644,0.5856402824853127,37.11095892107211,30842.92,45.55379322061595,77758.6,97.05,57480,3.1,548061,62343,63279.90286300248,6034,19.66,21.292549844103092,5.5,100.1,67.84
24,30676,43072,530791,-12396,57.79299196859027,81.1468167320094,-23.353824763419123,47591,37389,807590,10202,58.92965489914437,46.29700714471452,12.632647754429847,35160,29288,1643463,5872,21.393849450824266,17.820906220584217,3.572943230240048,11863,13776,813281,-1913,14.586594301354637,16.938794832290437,-2.352200530935802,11145,15985,1099752,-4840,10.134102961394932,14.535095185096276,-4.400992223701343,Maryland,6263220,1721,436300,31.574660384759852,4.8461038699839465,4.9615449672638094,44.6892888911905,9707.24,645.2112031844273,433105.9,104.959,61111,3.0,2238248,192176,75854.89036112174,16823,15.04,30.16243140874337,6.3,420.4,80.87
25,47998,51997,707064,-3999,67.88352963805256,73.53931185861535,-5.655782220562778,44663,56535,996756,-11872,44.80835831437182,56.71899642440076,-11.910638110028934,25470,28566,1805181,-3096,14.109388476834178,15.824451952463493,-1.7150634756293137,6769,13053,936463,-6284,7.22826208830461,13.93861796995717,-6.710355881652559,11542,14480,1335942,-2938,8.63959662919498,10.838793899735169,-2.1991972705401883,Massachusetts,7136171,1848,607400,35.1867125779736,3.6023695857710036,7.7756484925913405,48.273648090727825,7800.06,914.886680358869,628786.9,105.757,71629,4.0,3198628,276202,97786.6645133476,14338,23.94,27.862039707731647,2.8,314.7,92.28
26,31362,37122,934316,-5760,33.566801810094226,39.73173958275358,-6.164937772659357,31260,33332,1344657,-2072,23.247564248726626,24.788477656383748,-1.54091340765712,26306,21866,2446263,4440,10.753545305635576,8.938531956702938,1.8150133489326372,10063,10167,1323609,-104,7.602698379959641,7.681271432877836,-0.07857305291819563,14509,16710,1987859,-2201,7.2988074103847405,8.406028797817148,-1.1072213874324084,Michigan,10140459,1168,254200,27.073636482243643,5.657480010503568,0.9685080214237949,33.32604470496402,56538.9,179.3536662368741,562177.6,96.217,53569,4.7,3824885,292907,68394.86937489624,21750,14.16,21.712001163329955,5.1,434.3,82.07
27,26067,36701,519877,-10634,50.14070635938886,70.5955447153846,-20.454838355995744,27948,24178,749154,3770,37.3060812596609,32.273738109921325,5.032343149739573,18864,17851,1463382,1013,12.89068746233041,12.198455358887836,0.6922321034425735,5988,8182,713641,-2194,8.390773512172087,11.465148442984638,-3.074374930812551,10107,11076,1056273,-969,9.568549039878896,10.485925513574616,-0.9173764736957207,Minnesota,5793151,1291,344600,27.220130639973394,5.674530902189007,1.7604840408879754,40.03043352710015,79626.74,72.75383872302193,399253.3,98.621,62039,3.0,2541147,205850,74792.14498688978,20913,12.35,20.411778198889067,5.1,256.6,76.72
28,13916,12085,287446,1831,48.41257140471602,42.04267932063762,6.369892084078401,13010,13694,359127,-684,36.22673873030989,38.131357430658234,-1.9046187003483448,14811,11647,733071,3164,20.20404571999165,15.887956282542891,4.31608943744876,5455,3207,360057,2248,15.150378967774547,8.906923070513836,6.243455897260712,5770,2752,531347,3018,10.859193709572088,5.179289616766445,5.679904092805643,Mississippi,2943045,990,186500,26.26222709464685,7.109752411456206,0.26292934311434585,27.017466205418224,46923.27,62.72037306862885,123419.3,86.953,48465,3.1,936506,85365,50272.504188974766,7883,10.93,22.566370155840573,9.7,210.5,71.06
29,37140,28944,575388,8196,64.54774864960687,50.30344741287618,14.244301236730694,35981,31643,817633,4338,44.00629622336672,38.70073737239079,5.305558850975927,26455,30130,1537298,-3675,17.20876498896115,19.599322967960667,-2.3905579789995173,10459,11361,779145,-902,13.423688787067876,14.581368038041699,-1.1576792509738238,9101,10459,1169201,-1358,7.783948183417564,8.94542512365282,-1.1614769402352547,Missouri,6245466,1067,254400,26.098100688034382,5.073448611527355,0.9966775232994122,33.47160780028801,68741.52,90.85434828906897,353307.4,90.817,57850,3.6,2482938,233602,64752.46240099431,18464,11.06,21.598668974275967,7.7,462.0,80.09
30,11632,8671,103469,2961,112.42014516425209,83.8028781567426,28.617267007509497,7718,9041,142328,-1323,54.22685627564499,63.5222865493789,-9.29543027373391,6297,6341,281578,-44,22.363252810944036,22.519515018929035,-0.15626220798499882,2664,2875,138420,-211,19.245773732119638,20.77011992486635,-1.524346192746713,3938,3256,241423,682,16.311619025527808,13.48670176412355,2.8249172614042575,Montana,1137233,1177,425400,27.920320865877297,4.898978926786878,0.824678048167569,36.33522405626632,145545.8,7.813574833488841,60605.7,94.645,59203,3.0,426650,61654,59628.25350990273,5367,10.83,16.548566343477408,8.8,423.5,67.09
31,12995,11401,199010,1594,65.29822621978795,57.2885784633938,8.00964775639415,9497,11790,261403,-2293,36.33087608022861,45.10277234767772,-8.771896267449112,10484,11122,488134,-638,21.47770898974462,22.784727144595543,-1.307018154850922,2805,4041,229218,-1236,12.2372588540167,17.629505536214435,-5.392246682197733,4253,4447,348052,-194,12.219438474710675,12.776826451219932,-0.5573879765092572,Nebraska,2005466,1102,263100,27.777750809454233,3.7119229561394325,0.4669316280066324,35.358872842847525,76824.17,26.104623063288546,148102.8,90.103,65297,2.8,853147,73388,60997.53985303822,10479,9.07,18.066905484940506,7.1,220.5,70.12
32,14404,15770,262085,-1366,54.959268939466206,60.171318465383365,-5.212049525917164,29431,21675,471024,7756,62.483015727436396,46.01676347702028,16.466252250416115,37185,19452,868890,17733,42.795981079308085,22.387183648102752,20.408797431205333,12597,8149,402412,4448,31.303738457103666,20.25039014741111,11.053348309692554,15311,10159,575351,5152,26.611581452017987,17.65704761093663,8.954533841081357,Nevada,3267467,1709,455500,37.74820913291765,7.181307151329179,2.500833315939642,28.528910629047964,109781.18,29.763453080027016,207351.9,99.979,56503,5.6,1377101,106439,65772.04144067864,19994,11.47,23.687316438616264,11.4,402.0,95.56
33,9299,11785,122828,-2486,75.70749340541245,95.94717816784447,-20.23968476243202,12231,10431,177448,1800,68.92723502096389,58.78341824083675,10.143816780127136,10038,6520,346391,3518,28.978812959921015,18.822659942088563,10.15615301783245,4951,3984,210964,967,23.468459073586015,18.884738628391574,4.583720445194441,4949,3574,303232,1375,16.32083685099198,11.786355002110595,4.534481848881384,New Hampshire,1409032,1558,458800,30.466155822172848,3.810601202647276,0.5570916131256672,41.51834957395464,8952.65,157.3871423544984,94926.0,104.165,64632,2.6,604412,64226,79034.07843159964,4965,20.6,23.582164083083143,4.5,110.1,78.79
34,23016,60267,800206,-37251,28.762593632139723,75.31435655318755,-46.55176292104783,44334,46748,1234980,-2414,35.898557061652824,37.853244586956876,-1.9546875253040534,36574,44766,2471493,-8192,14.798342540318746,18.112938211841993,-3.314595671523245,10345,15547,1243932,-5202,8.316370991340362,12.498271609702138,-4.181900618361776,13643,19722,1706665,-6079,7.993953119094843,11.55587066002994,-3.5619175409350987,New Jersey,9500851,1800,496000,35.84687004083586,3.6995605453039406,9.732897766918885,44.54710555845139,7354.22,1291.8910503085303,675897.6,108.805,63142,4.5,3678973,320477,83687.84027961064,34932,16.29,27.781894440699418,7.7,217.7,94.43
35,9723,11370,200903,-1647,48.39648984833477,56.594475941125815,-8.197986092791048,13729,10497,274996,3232,49.92436253618234,38.17146431220818,11.752898223974167,13020,14150,526488,-1130,24.729908373980034,26.876206105362325,-2.1462977313822917,5002,4823,254799,179,19.631160247881663,18.928645716819926,0.7025145310617389,5007,8172,429233,-3165,11.664993138924547,19.038610731234552,-7.373617592310004,New Mexico,2130256,1117,279900,26.729523787297104,6.816307183565918,0.46571057811841604,31.783097590332247,121298.15,17.56214748534912,119044.5,92.212,51121,4.1,686080,64556,58896.61925868703,7572,9.18,20.37669504496678,10.1,717.1,84.24
36,84938,81146,1776645,3792,47.80808771589147,45.67372772838693,2.134359987504538,95130,114177,2800474,-19047,33.96924949133611,40.77059812017537,-6.801348628839261,47289,93610,4984281,-46321,9.487627202398901,18.78104384564193,-9.293416643243027,15330,34221,2576140,-18891,5.950763545459486,13.283827742281087,-7.333064196821601,15031,36346,3757173,-21315,4.000614291649599,9.673762693386756,-5.673148401737157,New York,19867248,1634,449800,37.13719364431149,3.8135380080306023,24.19731489696503,41.21714812536673,47126.4,421.5736402525973,1840059.3,107.921,64153,4.3,8303012,691628,95736.38420250386,46549,19.66,30.2275848162567,5.0,380.2,91.51
37,62731,47398,1049988,15333,59.744492318007445,45.14146828344705,14.603024034560395,67657,63796,1481768,3861,45.65964442476825,43.053973361551876,2.605671063216374,65122,49300,2810579,15822,23.170314728744504,17.540869692686098,5.6294450360584065,26170,16135,1373483,10035,19.053748754079955,11.747506157702716,7.306242596377239,27529,22147,1980690,5382,13.898691870004898,11.181456967016544,2.7172349029883525,North Carolina,11046024,1338,333000,29.555135610835343,7.3914647494076995,0.8077118606707271,37.140084639810006,48617.91,227.20071677289295,664131.6,94.326,56310,3.6,4184582,368542,69141.20131497005,95163,11.65,22.787585780837663,8.6,375.8,83.61
38,10172,5880,87325,4292,116.48439736616089,67.33466933867736,49.14972802748354,4417,5127,114857,-710,38.45651549317847,44.638115221536346,-6.181599728357871,5983,3810,189550,2173,31.56423107359536,20.10023740437879,11.463993669216565,1265,820,86514,445,14.621910904593475,9.478234736574427,5.143676168019049,2060,1833,140295,227,14.683345807049431,13.06532663316583,1.6180191738836025,North Dakota,796568,980,266100,22.350266653322088,3.228989911181478,0.5136617454557505,33.951725851630975,69000.8,11.544329920812512,63366.4,88.959,65271,2.4,354071,34330,67001.31087550237,2319,7.93,14.562049313793906,6.1,254.3,55.75
39,47905,43648,1061428,4257,45.13259495698248,41.121960227165665,4.010634729816813,47992,43372,1562307,4620,30.718674370658263,27.76150910160423,2.9571652690540335,42087,31702,2919143,10385,14.417587627601662,10.860036661444814,3.5575509661568483,11210,14809,1500463,-3599,7.471027276247399,9.869620243884722,-2.3985929676373225,18961,15769,2271397,3192,8.347726091035605,6.94242353934605,1.405302551689555,Ohio,11883304,1090,239800,26.759400177144038,4.81918017859101,0.9709194197585744,32.351177891052195,40860.69,290.82484901747864,721997.3,92.774,56232,4.3,4784025,328831,65532.74025930048,31411,11.29,21.601652944901836,6.7,293.7,78.98
40,23494,17238,404802,6256,58.03825079915613,42.583781700683296,15.454469098472833,22180,20787,542366,1393,40.89489385396577,38.32651751769101,2.5683763362747665,22778,14679,1024295,8099,22.237734246481725,14.33083242620534,7.906901820276385,7848,4276,468502,3572,16.751262534631657,9.126962104750886,7.624300429880769,8104,4230,692081,3874,11.709612025182023,6.112001340883509,5.597610684298514,Oklahoma,4095393,1044,222100,26.891568999618393,5.933627050951927,0.2851042237425886,29.319342163737456,68594.92,59.704027645195886,210315.9,87.843,58692,3.3,1355649,123123,58363.852151995095,13669,9.09,20.125243599877905,11.5,422.8,82.26
41,24906,25042,362169,-136,68.76900010768453,69.14451540579122,-0.375515298106685,27579,27640,585020,-61,47.14197805203241,47.246247991521656,-0.10426993948924823,27841,26503,1148112,1338,24.249376367462407,23.08398483771618,1.165391529746227,10293,7490,501604,2803,20.520171290500077,14.932097830160844,5.588073460339232,15139,12971,850217,2168,17.80604245739617,15.256105206082683,2.549937251313488,Oregon,4272371,1597,497500,34.301226300974044,5.116879009800678,2.414279636471145,37.843202149270994,95988.01,44.50942362488815,263347.7,103.361,55451,4.2,1701612,180622,69890.64363850278,14621,11.11,20.499941596826204,5.2,331.0,89.93
42,62962,63450,1188407,-488,52.98016588592965,53.39079961662966,-0.4106337307000043,59291,63594,1665429,-4303,35.601037330321496,38.18475599980545,-2.5837186694839587,48649,48196,3222374,453,15.09725438450037,14.956674799387036,0.1405795851133357,13240,20148,1711578,-6908,7.735551637144202,11.771593231509168,-4.036041594364966,19159,21167,2665974,-2008,7.186491691216793,7.939687333784951,-0.7531956425681571,Pennsylvania,13078751,1252,277600,27.630814267948146,4.830760355660342,4.172715276390103,36.36676630307203,44742.7,292.310276313231,803232.5,97.572,58620,3.6,5345984,375291,71759.6643893809,24810,12.51,23.45520646547887,5.8,245.6,87.45
44,12067,8463,111702,3604,108.02850441352885,75.76408658752753,32.26441782600133,11073,8695,150668,2378,73.49271245387209,57.70966628613906,15.783046167733028,5737,6573,276355,-836,20.75953031426969,23.784624848473882,-3.025094534204194,1531,1691,149879,-160,10.214906691397728,11.282434497161043,-1.0675278057633157,1429,3085,220168,-1656,6.490498165037607,14.01202717924494,-7.521529014207332,Rhode Island,1112308,1418,455700,36.02086019298801,3.7639842470288922,2.130934603387794,39.00309884953643,1033.81,1075.9307803174665,63459.1,102.28,55878,4.3,433425,48281,66499.5334233143,1757,24.15,22.62292278222797,4.6,153.6,78.49
45,45043,29118,503116,15925,89.52806112308096,57.87532099953092,31.652740123550036,38322,31910,688592,6412,55.6526941933685,46.34093919185817,9.311755001510328,37777,25796,1353384,11981,27.9129943903578,19.060370153629716,8.852624236728083,15987,7708,701176,8279,22.800266980044952,10.99296039796,11.807306582084955,21389,14694,1082724,6695,19.754803624931192,13.571325656399969,6.183477968531223,South Carolina,5478831,1272,299500,27.602400478656165,7.865993439722847,0.32748990132524325,33.33325491991899,30060.7,182.258929432781,278032.8,93.749,52463,4.1,1918314,186229,60719.812601065314,47072,10.9,23.255241529813205,9.0,436.7,87.08
46,6348,6612,83838,-264,75.71745509196307,78.86638517140199,-3.148930079438918,4577,7504,116985,-2927,39.12467410351754,64.14497585160491,-25.020301748087363,5418,4982,219782,436,24.6517003212274,22.66791638987724,1.983783931350156,1569,2555,110627,-986,14.182794435354841,23.09562764966961,-8.91283321431477,2652,3358,175902,-706,15.076576730224785,19.090175211197145,-4.01359848097236,South Dakota,924669,999,289600,24.370785400024065,7.077702187376064,0.22209941733047847,34.181672913030084,75811.0,12.197029454828455,57718.0,88.586,69153,1.8,381950,37934,58673.46198978924,6017,10.87,15.548906314486175,8.1,362.3,56.61
47,40877,30998,654793,9879,62.42736254052807,47.34015177315579,15.087210767372284,51620,39971,992689,11649,52.00017326675323,40.26538019460274,11.734793072150492,34562,32305,1821201,2257,18.977586768291914,17.738294674777798,1.2392920935141152,19013,13748,908689,5265,20.92355030158833,15.129488746975039,5.794061554613295,15481,12866,1273979,2615,12.151691668386999,10.099067567047808,2.05262410133919,Tennessee,7227750,1284,332600,27.728923283363464,6.651766284464261,0.4520381229354028,32.41739613549968,41234.9,175.28234577990972,440200.2,91.87,58582,3.4,2838835,222670,67904.40084295142,44863,10.9,23.382966267886886,9.7,592.3,77.78
48,106013,106604,3056382,-591,34.68578207828733,34.87914795990815,-0.19336588162081833,145953,119045,4514557,26908,32.32941792516962,26.369143196109828,5.960274729059795,129888,105481,8326020,24407,15.600250780084602,12.668838172380081,2.9314126077045213,35495,32333,3370913,3162,10.529788220580004,9.59176341839733,0.9380248021826728,36088,29829,4365469,6259,8.266694827062109,6.832942806374298,1.4337520206878116,Texas,31290831,1475,313200,33.26350077455711,8.453435360035595,0.980350882248381,35.163830573798585,261231.71,119.7819016688288,2221943.3,97.057,58219,4.1,11910861,829105,76726.80937910367,225756,9.79,24.10563091468739,16.7,389.4,90.99
49,31161,25205,417656,5956,74.60924780201888,60.34870802765913,14.26053977435976,19627,23366,528334,-3739,37.14884902353435,44.2258117024458,-7.076962678911446,17994,14608,878482,3386,20.483060552179783,16.62868448072926,3.854376071450525,5754,4202,311466,1552,18.473926528096165,13.491039150340647,4.982887377755517,5007,4750,434922,257,11.512409121635603,10.92149856755924,0.5909105540763632,Utah,3503613,1593,545200,29.24289192758023,6.095640910959382,1.8707607813203948,39.11756619437824,82169.62,42.63878791212616,234300.6,98.864,55116,3.2,1451665,135539,66893.2345203611,23902,9.97,20.461842850358032,8.3,229.6,84.88
50,8993,4714,62118,4279,144.7728516694034,75.88782639492578,68.88502527447761,4701,4075,74766,626,62.87617366182489,54.50338389107348,8.37278977075141,4641,2632,161210,2009,28.788536691272252,16.3265306122449,12.462006079027356,2669,1144,89886,1525,29.69316690029593,12.727232271988964,16.965934628306968,1676,1299,148485,377,11.287335421086304,8.748358420042429,2.5389770010438766,Vermont,648493,1319,352800,30.507655455475085,2.1386440032980274,1.4279212485134996,45.096100533997266,9216.66,70.36095505313205,36398.9,97.958,58893,2.3,255878,30789,64004.110025090085,2654,18.41,20.558051964352956,4.2,219.1,47.77
51,61443,53990,824337,7453,74.53626368827312,65.4950584530356,9.04120523523753,64037,65891,1160123,-1854,55.198457404947575,56.79656381263021,-1.5981064076826337,55799,57991,2308877,-2192,24.167160052267835,25.116539339254537,-0.9493792869867039,16313,15483,1093443,830,14.918930387775129,14.159860184755859,0.7590702030192703,22707,17029,1550385,5678,14.646039532116216,10.983723397736691,3.662316134379525,Virginia,8811195,1646,403500,29.29724724415658,4.28368853311155,2.9602059719724245,43.341347081907095,39490.09,223.12420660474567,613708.7,101.104,61914,2.9,3369001,308528,77660.2568592292,34059,10.62,24.427072730227096,6.9,217.9,62.56
53,47285,44522,674671,2763,70.0860122933993,65.99068286616736,4.09532942723194,64084,50954,1209813,13130,52.970169770038844,42.117252831635966,10.852916938402878,49561,44631,2124435,4930,23.32902630581778,21.008409294706592,2.3206170111111897,11227,16681,918704,-5454,12.22047580069315,18.157099566345636,-5.9366237656524845,15766,19546,1378508,-3780,11.4370029045896,14.179097981295719,-2.74209507670612,Washington,7958180,1824,602200,33.4819512133532,4.755268516641196,4.204774442733767,41.01712522152337,66455.52,119.75197846619814,702232.3,107.013,64421,4.5,3003097,232529,97041.16348522875,37778,10.13,23.295632147429696,6.5,326.1,92.84
54,11209,7125,153712,4084,72.92208806078901,46.35291974601853,26.56916831477048,8207,8609,213124,-402,38.5080985717235,40.39432443084777,-1.8862258591242658,10024,7947,435320,2077,23.026738950656988,18.255536157309564,4.771202793347422,4250,2730,233394,1520,18.209551230965662,11.696958790714413,6.512592440251249,3877,3373,386851,504,10.02194643415682,8.719119247462201,1.3028271866946188,West Virginia,1769979,883,170800,20.98185843097025,5.667271380024018,0.5671089950043846,24.377999651608867,24038.21,73.631896884169,82716.5,89.497,50051,4.1,559911,57789,57700.35457778111,4192,11.05,21.81991253035614,5.8,248.8,64.37
55,36614,33294,555061,3320,65.96392108254769,59.982596507410896,5.981324575136787,26320,21860,757466,4460,34.747434208268096,28.8593811471406,5.888053061127496,18380,18454,1454738,-74,12.634577497803729,12.685445764116976,-0.050868266313246785,8316,9089,789392,-773,10.534689989257556,11.513924640736162,-0.9792346514786063,11000,10218,1171042,782,9.393343705861959,8.725562362408864,0.6677813434530956,Wisconsin,5960975,1142,294700,26.41399212211433,4.308302701441158,1.36686289280467,34.55598113231965,54157.8,110.06678631702174,354382.1,94.095,58273,3.0,2557800,195879,63798.905527015406,23826,12.72,20.00462866281942,5.3,278.5,78.62
56,7937,4904,53288,3033,148.94535355051795,92.02822399039184,56.91712956012611,4774,4008,73811,766,64.67870642587148,54.30084946688163,10.377856958989852,5441,4560,148194,881,36.71538658785106,30.77047653751164,5.94491005033942,1623,1633,69966,-10,23.196981390961323,23.33990795529257,-0.1429265643312466,1521,1578,117373,-57,12.958687261976776,13.44431854003902,-0.485631278062246,Wyoming,587618,998,339500,26.847426147825306,3.374346031495649,1.1064017360640173,32.28336069418386,97093.14,6.052106255910561,39780.7,92.691,75501,3.2,214502,29070,61440.2209396649,2135,9.14,13.84103078427797,10.3,203.4,53.41
