dv,iv,n,spearman_rho,spearman_p,kendall_tau,kendall_p,abs_spearman_rho
DIFF_IN_18_24,UNINSURED,50,-0.4237,0.002167,-0.2961,0.002518,0.4237
DIFF_IN_18_24,VACANCY_RATE,50,-0.3961,0.004405,-0.2833,0.003701,0.3961
DIFF_IN_18_24,MED_RENT,50,-0.3383,0.016262,-0.2156,0.027216,0.3383
DIFF_IN_18_24,COST_BURDEN_ALL,50,-0.3319,0.018552,-0.2278,0.019606,0.3319
DIFF_IN_18_24,NRI_RISK_INDEX,50,-0.2944,0.037954,-0.1853,0.057588,0.2944
DIFF_IN_18_24,COMMUTE_MED,50,-0.294,0.038217,-0.218,0.025521,0.294
DIFF_IN_18_24,PERMITS,50,-0.2195,0.125632,-0.1527,0.117764,0.2195
DIFF_IN_18_24,MED_HOMEVAL,50,-0.2166,0.130877,-0.1209,0.2157,0.2166
DIFF_IN_18_24,RPP,50,-0.2097,0.14385,-0.1282,0.189088,0.2097
DIFF_IN_18_24,REAL_PCPI,50,0.1687,0.241569,0.1037,0.288083,0.1687
DIFF_IN_18_24,UNEMP,50,-0.1677,0.244382,-0.1108,0.26466,0.1677
DIFF_IN_18_24,CRIME_VIOLENT_RATE,50,-0.1572,0.275544,-0.0768,0.431678,0.1572
DIFF_IN_18_24,LAND_AREA,50,-0.1564,0.278088,-0.1069,0.273168,0.1564
DIFF_IN_18_24,PRIV_AVG_PAY,50,-0.1302,0.36755,-0.0645,0.508725,0.1302
DIFF_IN_18_24,POP,50,-0.1031,0.476173,-0.0694,0.477076,0.1031
DIFF_IN_18_24,GDP,50,-0.1016,0.482806,-0.0678,0.487505,0.1016
DIFF_IN_18_24,PRIV_ESTAB,50,-0.0944,0.514536,-0.0661,0.498055,0.0944
DIFF_IN_18_24,PRIV_EMP,50,-0.0791,0.585103,-0.0563,0.563821,0.0791
DIFF_IN_18_24,TRANSIT_SHARE,50,0.0525,0.717361,0.04,0.681895,0.0525
DIFF_IN_18_24,ELEC_PRICE_TOT,50,-0.0447,0.75786,-0.0188,0.847425,0.0447
DIFF_IN_18_24,BA_PLUS,50,0.0386,0.790348,0.0449,0.645468,0.0386
DIFF_IN_18_24,POP_DENS,50,0.0119,0.934846,0.0073,0.939989,0.0119
DIFF_IN_25_34,PRIV_AVG_PAY,50,0.5482,3.8e-05,0.3878,7.1e-05,0.5482
DIFF_IN_25_34,REAL_PCPI,50,0.4838,0.000372,0.3404,0.000486,0.4838
DIFF_IN_25_34,RPP,50,0.4824,0.000388,0.3371,0.000551,0.4824
DIFF_IN_25_34,BA_PLUS,50,0.4782,0.000444,0.3241,0.000897,0.4782
DIFF_IN_25_34,TRANSIT_SHARE,50,0.4485,0.001087,0.2963,0.002394,0.4485
DIFF_IN_25_34,VACANCY_RATE,50,-0.3871,0.005486,-0.2718,0.005345,0.3871
DIFF_IN_25_34,MED_RENT,50,0.3809,0.006354,0.2744,0.004944,0.3809
DIFF_IN_25_34,MED_HOMEVAL,50,0.3635,0.009473,0.2434,0.012673,0.3635
DIFF_IN_25_34,ELEC_PRICE_TOT,50,0.3395,0.015876,0.2132,0.029008,0.3395
DIFF_IN_25_34,COMMUTE_MED,50,0.3367,0.016821,0.2245,0.021429,0.3367
DIFF_IN_25_34,COST_BURDEN_ALL,50,0.3361,0.017021,0.2343,0.016363,0.3361
DIFF_IN_25_34,POP_DENS,50,0.3004,0.03406,0.1886,0.053325,0.3004
DIFF_IN_25_34,UNEMP,50,0.2936,0.038518,0.194,0.050687,0.2936
DIFF_IN_25_34,GDP,50,0.2853,0.044625,0.1853,0.057588,0.2853
DIFF_IN_25_34,UNINSURED,50,-0.2711,0.056898,-0.1977,0.043704,0.2711
DIFF_IN_25_34,PRIV_ESTAB,50,0.2397,0.09367,0.1445,0.138719,0.2397
DIFF_IN_25_34,POP,50,0.2329,0.103533,0.1445,0.138719,0.2329
DIFF_IN_25_34,PRIV_EMP,50,0.2302,0.107845,0.138,0.157461,0.2302
DIFF_IN_25_34,NRI_RISK_INDEX,50,0.1895,0.18741,0.1363,0.162434,0.1895
DIFF_IN_25_34,CRIME_VIOLENT_RATE,50,0.0776,0.592429,0.0212,0.827823,0.0776
DIFF_IN_25_34,PERMITS,50,0.0508,0.726302,0.0318,0.744251,0.0508
DIFF_IN_25_34,LAND_AREA,50,-0.0397,0.78423,-0.0302,0.756941,0.0397
DIFF_IN_35_54,UNINSURED,50,0.4206,0.002355,0.3027,0.002014,0.4206
DIFF_IN_35_54,VACANCY_RATE,50,0.3515,0.012325,0.249,0.010733,0.3515
DIFF_IN_35_54,ELEC_PRICE_TOT,50,-0.3369,0.016749,-0.2198,0.02443,0.3369
DIFF_IN_35_54,BA_PLUS,50,-0.2264,0.11386,-0.1673,0.086383,0.2264
DIFF_IN_35_54,REAL_PCPI,50,-0.1941,0.176708,-0.1282,0.189088,0.1941
DIFF_IN_35_54,PRIV_AVG_PAY,50,-0.1442,0.317744,-0.1135,0.244945,0.1442
DIFF_IN_35_54,TRANSIT_SHARE,50,-0.1272,0.3787,-0.0971,0.319533,0.1272
DIFF_IN_35_54,MED_HOMEVAL,50,-0.1255,0.385071,-0.0833,0.393523,0.1255
DIFF_IN_35_54,RPP,50,-0.1129,0.435047,-0.0824,0.398194,0.1129
DIFF_IN_35_54,COST_BURDEN_ALL,50,0.0789,0.586018,0.0465,0.633507,0.0789
DIFF_IN_35_54,COMMUTE_MED,50,0.0686,0.635857,0.0465,0.633507,0.0686
DIFF_IN_35_54,CRIME_VIOLENT_RATE,50,-0.0655,0.651323,-0.0555,0.569471,0.0655
DIFF_IN_35_54,UNEMP,50,0.0565,0.696527,0.0475,0.632617,0.0565
DIFF_IN_35_54,NRI_RISK_INDEX,50,0.0533,0.712905,0.0465,0.633507,0.0533
DIFF_IN_35_54,POP_DENS,50,-0.0477,0.742285,-0.0318,0.744251,0.0477
DIFF_IN_35_54,PRIV_EMP,50,-0.0429,0.767473,-0.0367,0.706606,0.0429
DIFF_IN_35_54,PERMITS,50,0.0328,0.821119,0.0465,0.633507,0.0328
DIFF_IN_35_54,PRIV_ESTAB,50,-0.0316,0.827307,-0.0139,0.88692,0.0316
DIFF_IN_35_54,MED_RENT,50,-0.0214,0.882636,-0.0114,0.906771,0.0214
DIFF_IN_35_54,GDP,50,-0.0204,0.888129,-0.0122,0.900149,0.0204
DIFF_IN_35_54,POP,50,-0.0159,0.912763,0.0024,0.97998,0.0159
DIFF_IN_35_54,LAND_AREA,50,0.003,0.983365,0.0041,0.966639,0.003
DIFF_IN_55_64,TRANSIT_SHARE,50,-0.4811,0.000405,-0.329,0.000749,0.4811
DIFF_IN_55_64,REAL_PCPI,50,-0.4664,0.00064,-0.3208,0.001011,0.4664
DIFF_IN_55_64,VACANCY_RATE,50,0.461,0.000753,0.3339,0.000623,0.461
DIFF_IN_55_64,PRIV_AVG_PAY,50,-0.4184,0.002497,-0.2996,0.002141,0.4184
DIFF_IN_55_64,BA_PLUS,50,-0.3708,0.008037,-0.249,0.010733,0.3708
DIFF_IN_55_64,UNINSURED,50,0.3493,0.012901,0.2518,0.010191,0.3493
DIFF_IN_55_64,GDP,50,-0.3442,0.014395,-0.2408,0.013601,0.3442
DIFF_IN_55_64,PRIV_ESTAB,50,-0.2982,0.035464,-0.2033,0.037265,0.2982
DIFF_IN_55_64,RPP,50,-0.2979,0.035651,-0.1967,0.043807,0.2979
DIFF_IN_55_64,PRIV_EMP,50,-0.2966,0.036469,-0.2,0.040424,0.2966
DIFF_IN_55_64,POP,50,-0.286,0.044103,-0.1967,0.043807,0.286
DIFF_IN_55_64,UNEMP,50,-0.2254,0.115448,-0.1258,0.205368,0.2254
DIFF_IN_55_64,MED_HOMEVAL,50,-0.2251,0.115991,-0.1682,0.084849,0.2251
DIFF_IN_55_64,POP_DENS,50,-0.1936,0.178021,-0.12,0.218834,0.1936
DIFF_IN_55_64,MED_RENT,50,-0.1908,0.184343,-0.1209,0.2157,0.1908
DIFF_IN_55_64,COST_BURDEN_ALL,50,-0.152,0.292057,-0.1037,0.288083,0.152
DIFF_IN_55_64,PERMITS,50,-0.1363,0.345165,-0.1069,0.273168,0.1363
DIFF_IN_55_64,CRIME_VIOLENT_RATE,50,0.1343,0.352577,0.0572,0.558171,0.1343
DIFF_IN_55_64,LAND_AREA,50,-0.087,0.548169,-0.0678,0.487505,0.087
DIFF_IN_55_64,COMMUTE_MED,50,-0.0809,0.576446,-0.0188,0.847435,0.0809
DIFF_IN_55_64,NRI_RISK_INDEX,50,-0.0451,0.755855,-0.0318,0.744251,0.0451
DIFF_IN_55_64,ELEC_PRICE_TOT,50,-0.0404,0.780402,-0.009,0.926682,0.0404
DIFF_IN_65_PLUS,TRANSIT_SHARE,50,-0.3668,0.008787,-0.2539,0.009282,0.3668
DIFF_IN_65_PLUS,PRIV_AVG_PAY,50,-0.363,0.009577,-0.2539,0.009282,0.363
DIFF_IN_65_PLUS,REAL_PCPI,50,-0.3544,0.011557,-0.2327,0.017126,0.3544
DIFF_IN_65_PLUS,BA_PLUS,50,-0.2803,0.048664,-0.1739,0.074796,0.2803
DIFF_IN_65_PLUS,GDP,50,-0.2706,0.057357,-0.1886,0.053325,0.2706
DIFF_IN_65_PLUS,COMMUTE_MED,50,-0.253,0.076263,-0.1592,0.102859,0.253
DIFF_IN_65_PLUS,POP,50,-0.2327,0.103826,-0.151,0.121743,0.2327
DIFF_IN_65_PLUS,POP_DENS,50,-0.2325,0.104266,-0.1494,0.125827,0.2325
DIFF_IN_65_PLUS,PRIV_ESTAB,50,-0.2163,0.131324,-0.1347,0.167525,0.2163
DIFF_IN_65_PLUS,PRIV_EMP,50,-0.2134,0.136665,-0.138,0.157461,0.2134
DIFF_IN_65_PLUS,VACANCY_RATE,50,0.2028,0.157843,0.1445,0.138719,0.2028
DIFF_IN_65_PLUS,RPP,50,-0.1836,0.201908,-0.0988,0.311467,0.1836
DIFF_IN_65_PLUS,COST_BURDEN_ALL,50,-0.1745,0.225371,-0.1037,0.288083,0.1745
DIFF_IN_65_PLUS,UNEMP,50,-0.1622,0.260377,-0.1224,0.217628,0.1622
DIFF_IN_65_PLUS,MED_RENT,50,-0.1516,0.293126,-0.0768,0.431678,0.1516
DIFF_IN_65_PLUS,NRI_RISK_INDEX,50,-0.1481,0.304568,-0.1069,0.273168,0.1481
DIFF_IN_65_PLUS,UNINSURED,50,0.137,0.342764,0.0927,0.344306,0.137
DIFF_IN_65_PLUS,CRIME_VIOLENT_RATE,50,-0.1234,0.393185,-0.0653,0.50336,0.1234
DIFF_IN_65_PLUS,MED_HOMEVAL,50,-0.1091,0.450922,-0.0637,0.51409,0.1091
DIFF_IN_65_PLUS,ELEC_PRICE_TOT,50,-0.0634,0.661633,-0.0368,0.706586,0.0634
DIFF_IN_65_PLUS,PERMITS,50,-0.0534,0.71241,-0.0351,0.71908,0.0534
DIFF_IN_65_PLUS,LAND_AREA,50,0.0139,0.923797,0.0171,0.860559,0.0139
DIFF_OUT_18_24,UNINSURED,50,-0.3323,0.018399,-0.2223,0.02333,0.3323
DIFF_OUT_18_24,CRIME_VIOLENT_RATE,50,-0.3155,0.025629,-0.214,0.028403,0.3155
DIFF_OUT_18_24,VACANCY_RATE,50,-0.2906,0.040655,-0.1739,0.074796,0.2906
DIFF_OUT_18_24,LAND_AREA,50,-0.2272,0.112606,-0.1543,0.113888,0.2272
DIFF_OUT_18_24,PERMITS,50,-0.2187,0.126994,-0.138,0.157461,0.2187
DIFF_OUT_18_24,COST_BURDEN_ALL,50,-0.2184,0.127508,-0.1347,0.167525,0.2184
DIFF_OUT_18_24,UNEMP,50,-0.1946,0.175774,-0.1274,0.199429,0.1946
DIFF_OUT_18_24,BA_PLUS,50,0.1789,0.213914,0.1282,0.189088,0.1789
DIFF_OUT_18_24,COMMUTE_MED,50,-0.1735,0.228235,-0.1282,0.189088,0.1735
DIFF_OUT_18_24,REAL_PCPI,50,0.1705,0.236441,0.1118,0.251801,0.1705
DIFF_OUT_18_24,MED_RENT,50,-0.17,0.237772,-0.0931,0.340272,0.17
DIFF_OUT_18_24,NRI_RISK_INDEX,50,-0.1551,0.282292,-0.0922,0.344542,0.1551
DIFF_OUT_18_24,MED_HOMEVAL,50,-0.1357,0.347387,-0.0768,0.431678,0.1357
DIFF_OUT_18_24,ELEC_PRICE_TOT,50,0.1138,0.431298,0.0498,0.609847,0.1138
DIFF_OUT_18_24,POP_DENS,50,0.1004,0.487813,0.0547,0.575176,0.1004
DIFF_OUT_18_24,POP,50,-0.0824,0.569202,-0.058,0.552576,0.0824
DIFF_OUT_18_24,TRANSIT_SHARE,50,0.0813,0.574631,0.0547,0.575176,0.0813
DIFF_OUT_18_24,PRIV_ESTAB,50,-0.08,0.58054,-0.0351,0.71908,0.08
DIFF_OUT_18_24,GDP,50,-0.0582,0.687835,-0.0302,0.756941,0.0582
DIFF_OUT_18_24,PRIV_EMP,50,-0.0568,0.695176,-0.0384,0.69421,0.0568
DIFF_OUT_18_24,RPP,50,-0.0516,0.721827,-0.0155,0.873722,0.0516
DIFF_OUT_18_24,PRIV_AVG_PAY,50,0.0434,0.764943,0.0514,0.598203,0.0434
DIFF_OUT_25_34,VACANCY_RATE,50,0.1309,0.364705,0.089,0.36189,0.1309
DIFF_OUT_25_34,NRI_RISK_INDEX,50,-0.1247,0.388206,-0.0743,0.446536,0.1247
DIFF_OUT_25_34,TRANSIT_SHARE,50,-0.111,0.442951,-0.0841,0.388918,0.111
DIFF_OUT_25_34,LAND_AREA,50,-0.1044,0.470409,-0.0645,0.508725,0.1044
DIFF_OUT_25_34,UNINSURED,50,0.0883,0.542051,0.0632,0.51931,0.0883
DIFF_OUT_25_34,COMMUTE_MED,50,0.0777,0.591519,0.0596,0.541441,0.0777
DIFF_OUT_25_34,REAL_PCPI,50,-0.0748,0.605836,-0.0563,0.563821,0.0748
DIFF_OUT_25_34,RPP,50,-0.0653,0.652528,-0.0465,0.633507,0.0653
DIFF_OUT_25_34,ELEC_PRICE_TOT,50,-0.0537,0.710914,-0.0335,0.731611,0.0537
DIFF_OUT_25_34,COST_BURDEN_ALL,50,-0.0514,0.72282,-0.0188,0.847435,0.0514
DIFF_OUT_25_34,UNEMP,50,-0.0496,0.732486,-0.0358,0.718374,0.0496
DIFF_OUT_25_34,POP_DENS,50,0.0417,0.773554,0.0367,0.706606,0.0417
DIFF_OUT_25_34,CRIME_VIOLENT_RATE,50,0.0375,0.796218,0.031,0.750579,0.0375
DIFF_OUT_25_34,PERMITS,50,0.0347,0.81083,0.0106,0.913406,0.0347
DIFF_OUT_25_34,BA_PLUS,50,0.0338,0.815971,0.022,0.821317,0.0338
DIFF_OUT_25_34,PRIV_ESTAB,50,-0.0281,0.846451,-0.0269,0.782517,0.0281
DIFF_OUT_25_34,MED_RENT,50,0.0268,0.853195,0.018,0.853987,0.0268
DIFF_OUT_25_34,POP,50,-0.0259,0.858396,-0.0237,0.80833,0.0259
DIFF_OUT_25_34,GDP,50,-0.0254,0.860997,-0.0253,0.795396,0.0254
DIFF_OUT_25_34,PRIV_EMP,50,-0.0226,0.876111,-0.0237,0.80833,0.0226
DIFF_OUT_25_34,MED_HOMEVAL,50,0.0204,0.888126,0.0098,0.920041,0.0204
DIFF_OUT_25_34,PRIV_AVG_PAY,50,0.0089,0.951177,0.0041,0.966639,0.0089
DIFF_OUT_35_54,UNINSURED,50,0.3551,0.011382,0.2633,0.007222,0.3551
DIFF_OUT_35_54,ELEC_PRICE_TOT,50,-0.3064,0.03044,-0.2018,0.038804,0.3064
DIFF_OUT_35_54,BA_PLUS,50,-0.2508,0.078952,-0.1788,0.066966,0.2508
DIFF_OUT_35_54,VACANCY_RATE,50,0.2424,0.089936,0.1657,0.089495,0.2424
DIFF_OUT_35_54,LAND_AREA,50,0.2229,0.119799,0.1429,0.143235,0.2229
DIFF_OUT_35_54,UNEMP,50,0.1957,0.173174,0.1391,0.161335,0.1957
DIFF_OUT_35_54,CRIME_VIOLENT_RATE,50,0.1764,0.220472,0.1176,0.228365,0.1764
DIFF_OUT_35_54,COST_BURDEN_ALL,50,0.1673,0.245671,0.1004,0.303537,0.1673
DIFF_OUT_35_54,REAL_PCPI,50,-0.1561,0.278985,-0.1069,0.273168,0.1561
DIFF_OUT_35_54,PERMITS,50,0.1546,0.283803,0.1102,0.25879,0.1546
DIFF_OUT_35_54,COMMUTE_MED,50,0.1165,0.420249,0.0808,0.407602,0.1165
DIFF_OUT_35_54,PRIV_AVG_PAY,50,-0.1126,0.436227,-0.089,0.36189,0.1126
DIFF_OUT_35_54,POP_DENS,50,-0.1018,0.481975,-0.0531,0.586637,0.1018
DIFF_OUT_35_54,TRANSIT_SHARE,50,-0.0982,0.497484,-0.0694,0.477076,0.0982
DIFF_OUT_35_54,PRIV_ESTAB,50,0.0932,0.519708,0.0596,0.541441,0.0932
DIFF_OUT_35_54,POP,50,0.0922,0.524038,0.0759,0.436609,0.0922
DIFF_OUT_35_54,GDP,50,0.0691,0.63349,0.0449,0.645468,0.0691
DIFF_OUT_35_54,PRIV_EMP,50,0.0689,0.634436,0.0531,0.586637,0.0689
DIFF_OUT_35_54,RPP,50,-0.0642,0.657802,-0.0514,0.598203,0.0642
DIFF_OUT_35_54,NRI_RISK_INDEX,50,0.0573,0.692726,0.0253,0.795396,0.0573
DIFF_OUT_35_54,MED_RENT,50,0.0247,0.864898,0.0131,0.893527,0.0247
DIFF_OUT_35_54,MED_HOMEVAL,50,-0.0245,0.86594,-0.0163,0.867132,0.0245
DIFF_OUT_55_64,ELEC_PRICE_TOT,50,0.2401,0.093114,0.1609,0.099354,0.2401
DIFF_OUT_55_64,CRIME_VIOLENT_RATE,50,0.228,0.111353,0.1503,0.123758,0.228
DIFF_OUT_55_64,NRI_RISK_INDEX,50,0.205,0.153269,0.1429,0.143235,0.205
DIFF_OUT_55_64,RPP,50,0.1832,0.20287,0.1347,0.167525,0.1832
DIFF_OUT_55_64,COMMUTE_MED,50,0.1719,0.23271,0.12,0.218834,0.1719
DIFF_OUT_55_64,LAND_AREA,50,0.1608,0.264567,0.1037,0.288083,0.1608
DIFF_OUT_55_64,REAL_PCPI,50,0.1497,0.299523,0.0759,0.436609,0.1497
DIFF_OUT_55_64,COST_BURDEN_ALL,50,0.1435,0.32003,0.0971,0.319533,0.1435
DIFF_OUT_55_64,TRANSIT_SHARE,50,0.1396,0.333623,0.0873,0.370766,0.1396
DIFF_OUT_55_64,MED_RENT,50,0.1385,0.337488,0.0898,0.357486,0.1385
DIFF_OUT_55_64,PRIV_AVG_PAY,50,0.1354,0.348606,0.0841,0.388918,0.1354
DIFF_OUT_55_64,POP,50,0.1336,0.354853,0.0955,0.327734,0.1336
DIFF_OUT_55_64,GDP,50,0.1277,0.376888,0.0776,0.42681,0.1277
DIFF_OUT_55_64,MED_HOMEVAL,50,0.1205,0.404598,0.0784,0.421943,0.1205
DIFF_OUT_55_64,PRIV_ESTAB,50,0.1156,0.424115,0.0694,0.477076,0.1156
DIFF_OUT_55_64,PRIV_EMP,50,0.1117,0.43978,0.0727,0.456591,0.1117
DIFF_OUT_55_64,PERMITS,50,0.0973,0.501295,0.0776,0.42681,0.0973
DIFF_OUT_55_64,VACANCY_RATE,50,-0.0881,0.542859,-0.0596,0.541441,0.0881
DIFF_OUT_55_64,UNEMP,50,0.0873,0.54643,0.0558,0.574174,0.0873
DIFF_OUT_55_64,POP_DENS,50,0.024,0.868808,0.0286,0.769698,0.024
DIFF_OUT_55_64,BA_PLUS,50,-0.02,0.890222,-0.0188,0.847435,0.02
DIFF_OUT_55_64,UNINSURED,50,0.0192,0.894634,0.0172,0.860492,0.0192
DIFF_OUT_65_PLUS,ELEC_PRICE_TOT,50,0.1442,0.317721,0.0858,0.379742,0.1442
DIFF_OUT_65_PLUS,MED_HOMEVAL,50,0.1162,0.421589,0.0817,0.402865,0.1162
DIFF_OUT_65_PLUS,NRI_RISK_INDEX,50,0.116,0.422566,0.0645,0.508725,0.116
DIFF_OUT_65_PLUS,RPP,50,0.1105,0.444939,0.0792,0.417141,0.1105
DIFF_OUT_65_PLUS,GDP,50,-0.1051,0.467541,-0.0759,0.436609,0.1051
DIFF_OUT_65_PLUS,PRIV_ESTAB,50,-0.1047,0.469179,-0.0612,0.53042,0.1047
DIFF_OUT_65_PLUS,COMMUTE_MED,50,-0.1013,0.484055,-0.0531,0.586637,0.1013
DIFF_OUT_65_PLUS,PRIV_EMP,50,-0.097,0.502569,-0.0612,0.53042,0.097
DIFF_OUT_65_PLUS,POP,50,-0.0958,0.508107,-0.0612,0.53042,0.0958
DIFF_OUT_65_PLUS,REAL_PCPI,50,-0.0955,0.50939,-0.071,0.466771,0.0955
DIFF_OUT_65_PLUS,UNINSURED,50,-0.0948,0.51245,-0.0796,0.416913,0.0948
DIFF_OUT_65_PLUS,LAND_AREA,50,0.0866,0.549944,0.0514,0.598203,0.0866
DIFF_OUT_65_PLUS,COST_BURDEN_ALL,50,0.0703,0.627352,0.0384,0.69421,0.0703
DIFF_OUT_65_PLUS,POP_DENS,50,-0.0684,0.636805,-0.0367,0.706606,0.0684
DIFF_OUT_65_PLUS,VACANCY_RATE,50,0.0684,0.636805,0.0482,0.621641,0.0684
DIFF_OUT_65_PLUS,MED_RENT,50,0.0675,0.641307,0.0376,0.700388,0.0675
DIFF_OUT_65_PLUS,PRIV_AVG_PAY,50,-0.0631,0.663093,-0.04,0.681895,0.0631
DIFF_OUT_65_PLUS,CRIME_VIOLENT_RATE,50,0.0591,0.683681,0.0572,0.558171,0.0591
DIFF_OUT_65_PLUS,BA_PLUS,50,-0.0401,0.782193,-0.0188,0.847435,0.0401
DIFF_OUT_65_PLUS,PERMITS,50,-0.0261,0.857356,-0.0073,0.939989,0.0261
DIFF_OUT_65_PLUS,UNEMP,50,0.019,0.895761,0.0058,0.953185,0.019
DIFF_OUT_65_PLUS,TRANSIT_SHARE,50,-0.0033,0.981781,0.0122,0.900149,0.0033
REL_IN_18_24,COMMUTE_MED,50,-0.4823,0.00039,-0.3535,0.000292,0.4823
REL_IN_18_24,NRI_RISK_INDEX,50,-0.4309,0.001786,-0.3012,0.002024,0.4309
REL_IN_18_24,MED_RENT,50,-0.4104,0.003076,-0.2728,0.005207,0.4104
REL_IN_18_24,PERMITS,50,-0.4062,0.003423,-0.2816,0.003903,0.4062
REL_IN_18_24,VACANCY_RATE,50,-0.3696,0.00825,-0.2686,0.005923,0.3696
REL_IN_18_24,COST_BURDEN_ALL,50,-0.3665,0.008844,-0.2555,0.008839,0.3665
REL_IN_18_24,UNINSURED,50,-0.3479,0.013304,-0.2371,0.015579,0.3479
REL_IN_18_24,POP,50,-0.3333,0.018018,-0.2278,0.019606,0.3333
REL_IN_18_24,GDP,50,-0.3288,0.019737,-0.2229,0.022395,0.3288
REL_IN_18_24,PRIV_ESTAB,50,-0.3287,0.019775,-0.2245,0.021429,0.3287
REL_IN_18_24,PRIV_EMP,50,-0.3134,0.026668,-0.2147,0.02781,0.3134
REL_IN_18_24,UNEMP,50,-0.2909,0.040419,-0.204,0.039902,0.2909
REL_IN_18_24,RPP,50,-0.2812,0.047944,-0.1853,0.057588,0.2812
REL_IN_18_24,PRIV_AVG_PAY,50,-0.2369,0.097664,-0.138,0.157461,0.2369
REL_IN_18_24,REAL_PCPI,50,0.235,0.100494,0.1478,0.130016,0.235
REL_IN_18_24,MED_HOMEVAL,50,-0.204,0.155335,-0.1258,0.197665,0.204
REL_IN_18_24,POP_DENS,50,-0.1799,0.211176,-0.1151,0.238221,0.1799
REL_IN_18_24,CRIME_VIOLENT_RATE,50,-0.1793,0.21278,-0.1143,0.24155,0.1793
REL_IN_18_24,ELEC_PRICE_TOT,50,-0.1309,0.364859,-0.0858,0.379742,0.1309
REL_IN_18_24,LAND_AREA,50,-0.0401,0.782193,-0.0269,0.782517,0.0401
REL_IN_18_24,TRANSIT_SHARE,50,-0.0279,0.847488,-0.0204,0.834353,0.0279
REL_IN_18_24,BA_PLUS,50,-0.0137,0.924849,-0.0024,0.97998,0.0137
REL_IN_25_34,PRIV_AVG_PAY,50,0.6305,1e-06,0.4514,4e-06,0.6305
REL_IN_25_34,RPP,50,0.5869,7e-06,0.4171,1.9e-05,0.5869
REL_IN_25_34,MED_RENT,50,0.5376,5.7e-05,0.3773,0.000111,0.5376
REL_IN_25_34,COMMUTE_MED,50,0.5016,0.000207,0.3698,0.000151,0.5016
REL_IN_25_34,TRANSIT_SHARE,50,0.4934,0.000272,0.3469,0.000378,0.4934
REL_IN_25_34,GDP,50,0.485,0.000357,0.3796,0.0001,0.485
REL_IN_25_34,ELEC_PRICE_TOT,50,0.4775,0.000454,0.3227,0.000952,0.4775
REL_IN_25_34,BA_PLUS,50,0.4695,0.000583,0.329,0.000749,0.4695
REL_IN_25_34,PRIV_ESTAB,50,0.4506,0.001025,0.3518,0.000312,0.4506
REL_IN_25_34,POP,50,0.4487,0.001081,0.3453,0.000403,0.4487
REL_IN_25_34,PRIV_EMP,50,0.4461,0.001165,0.3388,0.000518,0.4461
REL_IN_25_34,COST_BURDEN_ALL,50,0.4413,0.001335,0.3241,0.000897,0.4413
REL_IN_25_34,UNEMP,50,0.4392,0.001416,0.314,0.001568,0.4392
REL_IN_25_34,POP_DENS,50,0.4349,0.001598,0.3273,0.000796,0.4349
REL_IN_25_34,MED_HOMEVAL,50,0.4284,0.001909,0.2875,0.003234,0.4284
REL_IN_25_34,NRI_RISK_INDEX,50,0.4017,0.003836,0.2816,0.003903,0.4017
REL_IN_25_34,PERMITS,50,0.2813,0.047786,0.2196,0.02444,0.2813
REL_IN_25_34,REAL_PCPI,50,0.2524,0.076958,0.1918,0.049328,0.2524
REL_IN_25_34,VACANCY_RATE,50,-0.2065,0.150144,-0.1527,0.117764,0.2065
REL_IN_25_34,UNINSURED,50,-0.1955,0.173729,-0.1354,0.167316,0.1955
REL_IN_25_34,CRIME_VIOLENT_RATE,50,0.1518,0.292508,0.1045,0.284287,0.1518
REL_IN_25_34,LAND_AREA,50,-0.0462,0.749814,-0.0286,0.769698,0.0462
REL_IN_35_54,UNINSURED,50,0.4811,0.000405,0.3421,0.000483,0.4811
REL_IN_35_54,ELEC_PRICE_TOT,50,-0.3968,0.004326,-0.2688,0.005919,0.3968
REL_IN_35_54,VACANCY_RATE,50,0.3871,0.005486,0.2653,0.006556,0.3871
REL_IN_35_54,BA_PLUS,50,-0.3513,0.012376,-0.2359,0.01563,0.3513
REL_IN_35_54,MED_HOMEVAL,50,-0.2004,0.162815,-0.1323,0.175368,0.2004
REL_IN_35_54,REAL_PCPI,50,-0.1942,0.17649,-0.1412,0.147863,0.1942
REL_IN_35_54,RPP,50,-0.1862,0.1955,-0.1249,0.200607,0.1862
REL_IN_35_54,TRANSIT_SHARE,50,-0.1821,0.205532,-0.1233,0.206556,0.1821
REL_IN_35_54,PRIV_AVG_PAY,50,-0.1729,0.229808,-0.1069,0.273168,0.1729
REL_IN_35_54,UNEMP,50,0.1423,0.324257,0.0991,0.318265,0.1423
REL_IN_35_54,POP_DENS,50,-0.1136,0.432299,-0.0645,0.508725,0.1136
REL_IN_35_54,NRI_RISK_INDEX,50,0.1043,0.47082,0.0824,0.398194,0.1043
REL_IN_35_54,LAND_AREA,50,0.0975,0.500447,0.0661,0.498055,0.0975
REL_IN_35_54,MED_RENT,50,-0.0917,0.526635,-0.0637,0.51409,0.0917
REL_IN_35_54,CRIME_VIOLENT_RATE,50,0.067,0.643925,0.049,0.615732,0.067
REL_IN_35_54,COMMUTE_MED,50,0.059,0.683932,0.0498,0.609872,0.059
REL_IN_35_54,PRIV_EMP,50,-0.0432,0.765954,-0.04,0.681895,0.0432
REL_IN_35_54,PRIV_ESTAB,50,-0.0381,0.792901,-0.0237,0.80833,0.0381
REL_IN_35_54,PERMITS,50,0.0335,0.817514,0.0367,0.706606,0.0335
REL_IN_35_54,GDP,50,-0.0135,0.925901,-0.0122,0.900149,0.0135
REL_IN_35_54,COST_BURDEN_ALL,50,-0.0093,0.949069,-0.0057,0.953307,0.0093
REL_IN_35_54,POP,50,-0.0089,0.951177,-0.0008,0.993326,0.0089
REL_IN_55_64,REAL_PCPI,50,-0.4809,0.000408,-0.3339,0.000623,0.4809
REL_IN_55_64,VACANCY_RATE,50,0.4196,0.002416,0.3143,0.00128,0.4196
REL_IN_55_64,TRANSIT_SHARE,50,-0.3649,0.009175,-0.2473,0.011259,0.3649
REL_IN_55_64,PRIV_AVG_PAY,50,-0.3091,0.028949,-0.2049,0.035766,0.3091
REL_IN_55_64,UNINSURED,50,0.3082,0.029469,0.2371,0.015579,0.3082
REL_IN_55_64,BA_PLUS,50,-0.2812,0.047944,-0.2033,0.037265,0.2812
REL_IN_55_64,RPP,50,-0.2024,0.158649,-0.1282,0.189088,0.2024
REL_IN_55_64,MED_HOMEVAL,50,-0.2011,0.161482,-0.1356,0.16495,0.2011
REL_IN_55_64,GDP,50,-0.1836,0.201908,-0.1527,0.117764,0.1836
REL_IN_55_64,UNEMP,50,-0.1645,0.253559,-0.1024,0.302271,0.1645
REL_IN_55_64,LAND_AREA,50,-0.1497,0.299523,-0.1135,0.244945,0.1497
REL_IN_55_64,PRIV_ESTAB,50,-0.1389,0.335979,-0.1151,0.238221,0.1389
REL_IN_55_64,PRIV_EMP,50,-0.1371,0.342427,-0.1184,0.225166,0.1371
REL_IN_55_64,POP,50,-0.1273,0.378337,-0.1086,0.265912,0.1273
REL_IN_55_64,CRIME_VIOLENT_RATE,50,0.0996,0.491155,0.0588,0.546981,0.0996
REL_IN_55_64,MED_RENT,50,-0.0919,0.525548,-0.0474,0.62755,0.0919
REL_IN_55_64,COMMUTE_MED,50,0.0743,0.608159,0.0694,0.477076,0.0743
REL_IN_55_64,COST_BURDEN_ALL,50,-0.0678,0.640127,-0.0384,0.69421,0.0678
REL_IN_55_64,POP_DENS,50,-0.063,0.663575,-0.0514,0.598203,0.063
REL_IN_55_64,NRI_RISK_INDEX,50,0.0424,0.770005,0.0269,0.782517,0.0424
REL_IN_55_64,ELEC_PRICE_TOT,50,0.0254,0.86125,0.0302,0.756925,0.0254
REL_IN_55_64,PERMITS,50,0.0059,0.967528,-0.022,0.821317,0.0059
REL_IN_65_PLUS,REAL_PCPI,50,-0.3098,0.028584,-0.1886,0.053325,0.3098
REL_IN_65_PLUS,TRANSIT_SHARE,50,-0.2979,0.035651,-0.1967,0.043807,0.2979
REL_IN_65_PLUS,VACANCY_RATE,50,0.2546,0.074322,0.1788,0.066966,0.2546
REL_IN_65_PLUS,PRIV_AVG_PAY,50,-0.2134,0.136665,-0.138,0.157461,0.2134
REL_IN_65_PLUS,PERMITS,50,0.1996,0.164581,0.1331,0.172734,0.1996
REL_IN_65_PLUS,BA_PLUS,50,-0.1934,0.17846,-0.1265,0.194785,0.1934
REL_IN_65_PLUS,UNINSURED,50,0.1645,0.25356,0.114,0.244714,0.1645
REL_IN_65_PLUS,POP_DENS,50,-0.101,0.485306,-0.0596,0.541441,0.101
REL_IN_65_PLUS,RPP,50,-0.0952,0.510674,-0.0351,0.71908,0.0952
REL_IN_65_PLUS,UNEMP,50,-0.0809,0.576318,-0.0575,0.562799,0.0809
REL_IN_65_PLUS,COST_BURDEN_ALL,50,-0.0731,0.61375,-0.0237,0.80833,0.0731
REL_IN_65_PLUS,LAND_AREA,50,0.0568,0.695176,0.0384,0.69421,0.0568
REL_IN_65_PLUS,PRIV_ESTAB,50,0.0523,0.718353,0.0302,0.756941,0.0523
REL_IN_65_PLUS,PRIV_EMP,50,0.0486,0.737278,0.0302,0.756941,0.0486
REL_IN_65_PLUS,MED_HOMEVAL,50,-0.0443,0.759884,-0.0098,0.920041,0.0443
REL_IN_65_PLUS,COMMUTE_MED,50,-0.0339,0.814942,-0.0139,0.88692,0.0339
REL_IN_65_PLUS,ELEC_PRICE_TOT,50,-0.0334,0.818021,-0.0123,0.900142,0.0334
REL_IN_65_PLUS,POP,50,0.031,0.830922,0.0171,0.860559,0.031
REL_IN_65_PLUS,NRI_RISK_INDEX,50,0.0215,0.882378,0.0188,0.847435,0.0215
REL_IN_65_PLUS,MED_RENT,50,-0.0087,0.951967,0.0261,0.788942,0.0087
REL_IN_65_PLUS,CRIME_VIOLENT_RATE,50,-0.0073,0.960141,-0.0049,0.95997,0.0073
REL_IN_65_PLUS,GDP,50,-0.0003,0.998152,-0.0204,0.834353,0.0003
REL_OUT_18_24,VACANCY_RATE,50,-0.4264,0.002019,-0.2963,0.002394,0.4264
REL_OUT_18_24,CRIME_VIOLENT_RATE,50,-0.4012,0.003886,-0.2907,0.002901,0.4012
REL_OUT_18_24,UNINSURED,50,-0.3662,0.008904,-0.2551,0.009248,0.3662
REL_OUT_18_24,UNEMP,50,-0.327,0.020463,-0.224,0.024068,0.327
REL_OUT_18_24,BA_PLUS,50,0.3126,0.027112,0.218,0.025521,0.3126
REL_OUT_18_24,REAL_PCPI,50,0.2786,0.05013,0.1755,0.072107,0.2786
REL_OUT_18_24,NRI_RISK_INDEX,50,-0.2671,0.060743,-0.1853,0.057588,0.2671
REL_OUT_18_24,PERMITS,50,-0.2614,0.06674,-0.1886,0.053325,0.2614
REL_OUT_18_24,COMMUTE_MED,50,-0.234,0.101932,-0.1657,0.089495,0.234
REL_OUT_18_24,POP,50,-0.2073,0.1486,-0.1445,0.138719,0.2073
REL_OUT_18_24,LAND_AREA,50,-0.2036,0.156241,-0.1396,0.152605,0.2036
REL_OUT_18_24,PRIV_ESTAB,50,-0.1748,0.224594,-0.1184,0.225166,0.1748
REL_OUT_18_24,PRIV_EMP,50,-0.1708,0.235638,-0.1249,0.200607,0.1708
REL_OUT_18_24,GDP,50,-0.1677,0.244298,-0.1102,0.25879,0.1677
REL_OUT_18_24,COST_BURDEN_ALL,50,-0.1551,0.282292,-0.1135,0.244945,0.1551
REL_OUT_18_24,MED_RENT,50,-0.1254,0.385438,-0.0719,0.46165,0.1254
REL_OUT_18_24,ELEC_PRICE_TOT,50,0.1232,0.394102,0.0776,0.426778,0.1232
REL_OUT_18_24,PRIV_AVG_PAY,50,0.0881,0.542859,0.0759,0.436609,0.0881
REL_OUT_18_24,TRANSIT_SHARE,50,0.0659,0.64918,0.0563,0.563821,0.0659
REL_OUT_18_24,MED_HOMEVAL,50,-0.0116,0.936424,0.0065,0.946644,0.0116
REL_OUT_18_24,POP_DENS,50,0.0104,0.942745,0.0073,0.939989,0.0104
REL_OUT_18_24,RPP,50,-0.009,0.95065,0.0024,0.97998,0.009
REL_OUT_25_34,VACANCY_RATE,50,0.18,0.210929,0.1265,0.194785,0.18
REL_OUT_25_34,REAL_PCPI,50,-0.1254,0.385633,-0.0841,0.388918,0.1254
REL_OUT_25_34,LAND_AREA,50,-0.1233,0.393753,-0.0792,0.417141,0.1233
REL_OUT_25_34,PRIV_ESTAB,50,-0.0861,0.552168,-0.0514,0.598203,0.0861
REL_OUT_25_34,MED_RENT,50,0.085,0.557288,0.0719,0.46165,0.085
REL_OUT_25_34,POP_DENS,50,0.08,0.58054,0.0547,0.575176,0.08
REL_OUT_25_34,PRIV_EMP,50,-0.077,0.595199,-0.0482,0.621641,0.077
REL_OUT_25_34,POP,50,-0.0758,0.600739,-0.0482,0.621641,0.0758
REL_OUT_25_34,COMMUTE_MED,50,0.0754,0.60259,0.0384,0.69421,0.0754
REL_OUT_25_34,GDP,50,-0.0737,0.610952,-0.0498,0.609872,0.0737
REL_OUT_25_34,UNINSURED,50,0.0733,0.613155,0.0582,0.552381,0.0733
REL_OUT_25_34,TRANSIT_SHARE,50,-0.0731,0.61375,-0.0563,0.563821,0.0731
REL_OUT_25_34,CRIME_VIOLENT_RATE,50,0.0723,0.617716,0.0588,0.546981,0.0723
REL_OUT_25_34,MED_HOMEVAL,50,0.0658,0.649889,0.0653,0.50336,0.0658
REL_OUT_25_34,ELEC_PRICE_TOT,50,0.043,0.766703,0.0237,0.808317,0.043
REL_OUT_25_34,BA_PLUS,50,0.0359,0.804672,0.0269,0.782517,0.0359
REL_OUT_25_34,NRI_RISK_INDEX,50,-0.0319,0.825759,-0.0171,0.860559,0.0319
REL_OUT_25_34,COST_BURDEN_ALL,50,-0.0273,0.850602,-0.0041,0.966639,0.0273
REL_OUT_25_34,PERMITS,50,-0.0265,0.855276,-0.0171,0.860559,0.0265
REL_OUT_25_34,UNEMP,50,0.0142,0.921792,0.0108,0.91318,0.0142
REL_OUT_25_34,PRIV_AVG_PAY,50,0.0108,0.940638,0.0024,0.97998,0.0108
REL_OUT_25_34,RPP,50,-0.0029,0.983893,0.0106,0.913406,0.0029
REL_OUT_35_54,UNINSURED,50,0.4383,0.001455,0.3208,0.001067,0.4383
REL_OUT_35_54,BA_PLUS,50,-0.3818,0.00622,-0.2653,0.006556,0.3818
REL_OUT_35_54,ELEC_PRICE_TOT,50,-0.3789,0.00666,-0.2819,0.003901,0.3789
REL_OUT_35_54,UNEMP,50,0.3062,0.030572,0.2074,0.03677,0.3062
REL_OUT_35_54,VACANCY_RATE,50,0.2616,0.066532,0.1771,0.069497,0.2616
REL_OUT_35_54,LAND_AREA,50,0.2317,0.105449,0.1576,0.106437,0.2317
REL_OUT_35_54,REAL_PCPI,50,-0.2274,0.112294,-0.1641,0.092698,0.2274
REL_OUT_35_54,CRIME_VIOLENT_RATE,50,0.1944,0.176152,0.1421,0.145521,0.1944
REL_OUT_35_54,PERMITS,50,0.192,0.181557,0.1445,0.138719,0.192
REL_OUT_35_54,POP,50,0.1834,0.202389,0.1363,0.162434,0.1834
REL_OUT_35_54,PRIV_AVG_PAY,50,-0.1768,0.219463,-0.12,0.218834,0.1768
REL_OUT_35_54,PRIV_ESTAB,50,0.1652,0.251492,0.1167,0.231628,0.1652
REL_OUT_35_54,MED_HOMEVAL,50,-0.1651,0.2519,-0.1029,0.291879,0.1651
REL_OUT_35_54,PRIV_EMP,50,0.1515,0.293602,0.1102,0.25879,0.1515
REL_OUT_35_54,GDP,50,0.1511,0.294842,0.102,0.295742,0.1511
REL_OUT_35_54,RPP,50,-0.1463,0.31063,-0.0922,0.344542,0.1463
REL_OUT_35_54,COMMUTE_MED,50,0.1113,0.44176,0.089,0.36189,0.1113
REL_OUT_35_54,TRANSIT_SHARE,50,-0.1027,0.477827,-0.071,0.466771,0.1027
REL_OUT_35_54,NRI_RISK_INDEX,50,0.0973,0.501295,0.0661,0.498055,0.0973
REL_OUT_35_54,POP_DENS,50,-0.0817,0.572819,-0.058,0.552576,0.0817
REL_OUT_35_54,MED_RENT,50,-0.071,0.624284,-0.031,0.750579,0.071
REL_OUT_35_54,COST_BURDEN_ALL,50,0.0611,0.67324,0.0433,0.657522,0.0611
REL_OUT_55_64,CRIME_VIOLENT_RATE,50,0.2591,0.069206,0.178,0.068212,0.2591
REL_OUT_55_64,COMMUTE_MED,50,0.1812,0.207973,0.1363,0.162434,0.1812
REL_OUT_55_64,LAND_AREA,50,0.1806,0.209447,0.1233,0.206556,0.1806
REL_OUT_55_64,ELEC_PRICE_TOT,50,0.1781,0.215898,0.1283,0.189057,0.1781
REL_OUT_55_64,NRI_RISK_INDEX,50,0.1764,0.220483,0.1233,0.206556,0.1764
REL_OUT_55_64,REAL_PCPI,50,0.168,0.243477,0.102,0.295742,0.168
REL_OUT_55_64,POP,50,0.1498,0.299209,0.1282,0.189088,0.1498
REL_OUT_55_64,RPP,50,0.1487,0.30267,0.102,0.295742,0.1487
REL_OUT_55_64,PRIV_ESTAB,50,0.1358,0.347227,0.102,0.295742,0.1358
REL_OUT_55_64,GDP,50,0.1353,0.348951,0.1102,0.25879,0.1353
REL_OUT_55_64,PRIV_EMP,50,0.1333,0.3559,0.1086,0.265912,0.1333
REL_OUT_55_64,PERMITS,50,0.1333,0.3559,0.0939,0.33607,0.1333
REL_OUT_55_64,PRIV_AVG_PAY,50,0.1289,0.372201,0.0776,0.42681,0.1289
REL_OUT_55_64,UNINSURED,50,0.1262,0.382532,0.0878,0.370531,0.1262
REL_OUT_55_64,MED_RENT,50,0.1255,0.385071,0.0702,0.471893,0.1255
REL_OUT_55_64,MED_HOMEVAL,50,0.1016,0.482796,0.0719,0.46165,0.1016
REL_OUT_55_64,COST_BURDEN_ALL,50,0.1002,0.48865,0.071,0.466771,0.1002
REL_OUT_55_64,TRANSIT_SHARE,50,0.0871,0.547726,0.0514,0.598203,0.0871
REL_OUT_55_64,UNEMP,50,0.0549,0.704903,0.0458,0.644602,0.0549
REL_OUT_55_64,BA_PLUS,50,-0.0355,0.806723,-0.0482,0.621641,0.0355
REL_OUT_55_64,VACANCY_RATE,50,0.0079,0.95645,0.0122,0.900149,0.0079
REL_OUT_55_64,POP_DENS,50,-0.0023,0.987589,0.022,0.821317,0.0023
REL_OUT_65_PLUS,ELEC_PRICE_TOT,50,0.1794,0.21252,0.1054,0.280524,0.1794
REL_OUT_65_PLUS,RPP,50,0.1515,0.293602,0.1053,0.280558,0.1515
REL_OUT_65_PLUS,NRI_RISK_INDEX,50,0.1508,0.295774,0.1069,0.273168,0.1508
REL_OUT_65_PLUS,UNINSURED,50,-0.1421,0.324785,-0.1124,0.251569,0.1421
REL_OUT_65_PLUS,MED_HOMEVAL,50,0.1147,0.427795,0.0817,0.402865,0.1147
REL_OUT_65_PLUS,COST_BURDEN_ALL,50,0.1104,0.445337,0.0873,0.370766,0.1104
REL_OUT_65_PLUS,TRANSIT_SHARE,50,0.0994,0.492426,0.071,0.466771,0.0994
REL_OUT_65_PLUS,MED_RENT,50,0.0944,0.514526,0.0572,0.558171,0.0944
REL_OUT_65_PLUS,PERMITS,50,0.0827,0.567848,0.071,0.466771,0.0827
REL_OUT_65_PLUS,UNEMP,50,0.0769,0.59534,0.0575,0.562799,0.0769
REL_OUT_65_PLUS,CRIME_VIOLENT_RATE,50,0.0699,0.629702,0.0539,0.58088,0.0699
REL_OUT_65_PLUS,PRIV_EMP,50,0.0582,0.688324,0.0367,0.706606,0.0582
REL_OUT_65_PLUS,PRIV_ESTAB,50,0.0573,0.692726,0.04,0.681895,0.0573
REL_OUT_65_PLUS,POP,50,0.0571,0.693705,0.0367,0.706606,0.0571
REL_OUT_65_PLUS,GDP,50,0.053,0.714884,0.0286,0.769698,0.053
REL_OUT_65_PLUS,PRIV_AVG_PAY,50,0.0518,0.720834,0.0416,0.669665,0.0518
REL_OUT_65_PLUS,BA_PLUS,50,0.0478,0.741784,0.0367,0.706606,0.0478
REL_OUT_65_PLUS,LAND_AREA,50,0.0444,0.759385,0.0416,0.669665,0.0444
REL_OUT_65_PLUS,POP_DENS,50,0.0402,0.781684,0.0318,0.744251,0.0402
REL_OUT_65_PLUS,COMMUTE_MED,50,0.0238,0.869851,0.0122,0.900149,0.0238
REL_OUT_65_PLUS,VACANCY_RATE,50,0.02,0.890222,0.0318,0.744251,0.02
REL_OUT_65_PLUS,REAL_PCPI,50,-0.0138,0.924323,-0.009,0.926687,0.0138
SHARE_GAP_18_24,PRIV_AVG_PAY,50,-0.3899,0.00513,-0.2539,0.009282,0.3899
SHARE_GAP_18_24,RPP,50,-0.3791,0.006626,-0.2686,0.005923,0.3791
SHARE_GAP_18_24,ELEC_PRICE_TOT,50,-0.3552,0.011374,-0.2377,0.014919,0.3552
SHARE_GAP_18_24,REAL_PCPI,50,-0.3353,0.017291,-0.2327,0.017126,0.3353
SHARE_GAP_18_24,COST_BURDEN_ALL,50,-0.3344,0.017634,-0.2278,0.019606,0.3344
SHARE_GAP_18_24,TRANSIT_SHARE,50,-0.3316,0.018661,-0.231,0.017921,0.3316
SHARE_GAP_18_24,BA_PLUS,50,-0.3266,0.020628,-0.2261,0.0205,0.3266
SHARE_GAP_18_24,MED_RENT,50,-0.3139,0.026445,-0.2238,0.021903,0.3139
SHARE_GAP_18_24,MED_HOMEVAL,50,-0.2564,0.072303,-0.1813,0.063302,0.2564
SHARE_GAP_18_24,NRI_RISK_INDEX,50,-0.2316,0.105597,-0.1559,0.110112,0.2316
SHARE_GAP_18_24,COMMUTE_MED,50,-0.2046,0.154057,-0.1298,0.183514,0.2046
SHARE_GAP_18_24,UNEMP,50,-0.2029,0.157548,-0.1357,0.17161,0.2029
SHARE_GAP_18_24,UNINSURED,50,0.1489,0.30202,0.096,0.327497,0.1489
SHARE_GAP_18_24,GDP,50,-0.1479,0.305202,-0.1004,0.303537,0.1479
SHARE_GAP_18_24,POP_DENS,50,-0.1218,0.399347,-0.0776,0.42681,0.1218
SHARE_GAP_18_24,VACANCY_RATE,50,0.1215,0.400471,0.0922,0.344542,0.1215
SHARE_GAP_18_24,PRIV_ESTAB,50,-0.1201,0.40612,-0.0792,0.417141,0.1201
SHARE_GAP_18_24,PRIV_EMP,50,-0.1011,0.484889,-0.0661,0.498055,0.1011
SHARE_GAP_18_24,LAND_AREA,50,-0.0919,0.525775,-0.0678,0.487505,0.0919
SHARE_GAP_18_24,POP,50,-0.0901,0.533627,-0.0629,0.519514,0.0901
SHARE_GAP_18_24,PERMITS,50,0.0712,0.623118,0.0498,0.609872,0.0712
SHARE_GAP_18_24,CRIME_VIOLENT_RATE,50,-0.0064,0.964889,-0.0082,0.933334,0.0064
SHARE_GAP_25_34,UNINSURED,50,0.2323,0.10458,0.16,0.102691,0.2323
SHARE_GAP_25_34,REAL_PCPI,50,-0.2234,0.118821,-0.1412,0.147863,0.2234
SHARE_GAP_25_34,VACANCY_RATE,50,0.1925,0.180446,0.1249,0.200607,0.1925
SHARE_GAP_25_34,TRANSIT_SHARE,50,-0.1914,0.18312,-0.12,0.218834,0.1914
SHARE_GAP_25_34,BA_PLUS,50,-0.1511,0.294842,-0.0988,0.311467,0.1511
SHARE_GAP_25_34,ELEC_PRICE_TOT,50,-0.1301,0.367883,-0.0874,0.370732,0.1301
SHARE_GAP_25_34,PERMITS,50,0.1162,0.421793,0.0759,0.436609,0.1162
SHARE_GAP_25_34,CRIME_VIOLENT_RATE,50,0.1081,0.454943,0.0408,0.675759,0.1081
SHARE_GAP_25_34,POP_DENS,50,-0.1063,0.462647,-0.0482,0.621641,0.1063
SHARE_GAP_25_34,RPP,50,-0.1042,0.47123,-0.0563,0.563821,0.1042
SHARE_GAP_25_34,PRIV_AVG_PAY,50,-0.1,0.489488,-0.058,0.552576,0.1
SHARE_GAP_25_34,LAND_AREA,50,0.0617,0.670335,0.0335,0.731629,0.0617
SHARE_GAP_25_34,NRI_RISK_INDEX,50,-0.0428,0.767979,-0.0188,0.847435,0.0428
SHARE_GAP_25_34,MED_RENT,50,-0.0347,0.810826,-0.0065,0.946644,0.0347
SHARE_GAP_25_34,MED_HOMEVAL,50,-0.0306,0.832726,-0.0359,0.712824,0.0306
SHARE_GAP_25_34,GDP,50,-0.0299,0.836609,-0.009,0.926687,0.0299
SHARE_GAP_25_34,UNEMP,50,-0.0257,0.859402,-0.0158,0.873394,0.0257
SHARE_GAP_25_34,PRIV_ESTAB,50,-0.0246,0.865161,-0.0041,0.966639,0.0246
SHARE_GAP_25_34,COST_BURDEN_ALL,50,-0.0236,0.870894,-0.0024,0.97998,0.0236
SHARE_GAP_25_34,PRIV_EMP,50,-0.0187,0.897552,0.009,0.926687,0.0187
SHARE_GAP_25_34,COMMUTE_MED,50,-0.0098,0.945906,0.0171,0.860559,0.0098
SHARE_GAP_25_34,POP,50,-0.0083,0.954341,0.0122,0.900149,0.0083
SHARE_GAP_35_54,VACANCY_RATE,50,0.4365,0.001528,0.3061,0.001708,0.4365
SHARE_GAP_35_54,REAL_PCPI,50,-0.4009,0.003911,-0.2702,0.005627,0.4009
SHARE_GAP_35_54,UNINSURED,50,0.3487,0.013061,0.2502,0.010694,0.3487
SHARE_GAP_35_54,TRANSIT_SHARE,50,-0.2762,0.052224,-0.1967,0.043807,0.2762
SHARE_GAP_35_54,BA_PLUS,50,-0.223,0.119472,-0.1429,0.143235,0.223
SHARE_GAP_35_54,PERMITS,50,0.2078,0.147641,0.1363,0.162434,0.2078
SHARE_GAP_35_54,RPP,50,-0.1369,0.34311,-0.0808,0.407602,0.1369
SHARE_GAP_35_54,PRIV_AVG_PAY,50,-0.1366,0.344137,-0.089,0.36189,0.1366
SHARE_GAP_35_54,ELEC_PRICE_TOT,50,-0.1339,0.353783,-0.094,0.336037,0.1339
SHARE_GAP_35_54,UNEMP,50,-0.128,0.375869,-0.0808,0.415921,0.128
SHARE_GAP_35_54,MED_HOMEVAL,50,-0.0966,0.504472,-0.0588,0.546981,0.0966
SHARE_GAP_35_54,COMMUTE_MED,50,0.074,0.609555,0.0808,0.407602,0.074
SHARE_GAP_35_54,POP,50,0.0387,0.789838,0.0237,0.80833,0.0387
SHARE_GAP_35_54,COST_BURDEN_ALL,50,-0.0386,0.790348,-0.0204,0.834353,0.0386
SHARE_GAP_35_54,POP_DENS,50,-0.0325,0.822665,-0.0041,0.966639,0.0325
SHARE_GAP_35_54,NRI_RISK_INDEX,50,0.0315,0.82834,0.0188,0.847435,0.0315
SHARE_GAP_35_54,PRIV_EMP,50,0.0304,0.834023,0.0204,0.834353,0.0304
SHARE_GAP_35_54,MED_RENT,50,-0.0167,0.908561,-0.0065,0.946644,0.0167
SHARE_GAP_35_54,LAND_AREA,50,0.0121,0.933793,0.0024,0.97998,0.0121
SHARE_GAP_35_54,PRIV_ESTAB,50,0.0099,0.94538,0.0139,0.88692,0.0099
SHARE_GAP_35_54,GDP,50,0.0092,0.949596,0.0024,0.97998,0.0092
SHARE_GAP_35_54,CRIME_VIOLENT_RATE,50,-0.0082,0.95513,0.0033,0.973307,0.0082
SHARE_GAP_55_64,REAL_PCPI,50,-0.5542,3e-05,-0.3747,0.000123,0.5542
SHARE_GAP_55_64,VACANCY_RATE,50,0.5395,5.3e-05,0.3878,7.1e-05,0.5395
SHARE_GAP_55_64,UNINSURED,50,0.5025,0.000201,0.3404,0.000514,0.5025
SHARE_GAP_55_64,TRANSIT_SHARE,50,-0.495,0.000257,-0.3502,0.000333,0.495
SHARE_GAP_55_64,PRIV_AVG_PAY,50,-0.3798,0.006522,-0.2588,0.00801,0.3798
SHARE_GAP_55_64,BA_PLUS,50,-0.378,0.006807,-0.2506,0.010228,0.378
SHARE_GAP_55_64,RPP,50,-0.3127,0.027062,-0.2114,0.030273,0.3127
SHARE_GAP_55_64,ELEC_PRICE_TOT,50,-0.2341,0.101771,-0.1397,0.152576,0.2341
SHARE_GAP_55_64,POP_DENS,50,-0.2007,0.162312,-0.1151,0.238221,0.2007
SHARE_GAP_55_64,MED_HOMEVAL,50,-0.1959,0.172693,-0.1437,0.140949,0.1959
SHARE_GAP_55_64,UNEMP,50,-0.1946,0.175666,-0.1191,0.230407,0.1946
SHARE_GAP_55_64,GDP,50,-0.1897,0.186955,-0.1184,0.225166,0.1897
SHARE_GAP_55_64,PRIV_ESTAB,50,-0.1471,0.308068,-0.0906,0.353149,0.1471
SHARE_GAP_55_64,PRIV_EMP,50,-0.1348,0.35068,-0.071,0.466771,0.1348
SHARE_GAP_55_64,POP,50,-0.1344,0.352068,-0.0776,0.42681,0.1344
SHARE_GAP_55_64,MED_RENT,50,-0.1331,0.356938,-0.0947,0.331868,0.1331
SHARE_GAP_55_64,COST_BURDEN_ALL,50,-0.1166,0.419864,-0.0824,0.398194,0.1166
SHARE_GAP_55_64,PERMITS,50,0.0973,0.501295,0.058,0.552576,0.0973
SHARE_GAP_55_64,NRI_RISK_INDEX,50,-0.0802,0.579629,-0.0563,0.563821,0.0802
SHARE_GAP_55_64,COMMUTE_MED,50,-0.05,0.730287,-0.0335,0.731629,0.05
SHARE_GAP_55_64,LAND_AREA,50,0.0279,0.847488,0.022,0.821317,0.0279
SHARE_GAP_55_64,CRIME_VIOLENT_RATE,50,0.0257,0.859433,0.0163,0.867132,0.0257
SHARE_GAP_65_PLUS,UNINSURED,50,0.4841,0.000368,0.3306,0.000744,0.4841
SHARE_GAP_65_PLUS,REAL_PCPI,50,-0.4717,0.000544,-0.3061,0.001708,0.4717
SHARE_GAP_65_PLUS,TRANSIT_SHARE,50,-0.4551,0.000899,-0.311,0.001438,0.4551
SHARE_GAP_65_PLUS,VACANCY_RATE,50,0.452,0.000983,0.3127,0.001357,0.452
SHARE_GAP_65_PLUS,BA_PLUS,50,-0.3596,0.010318,-0.2278,0.019606,0.3596
SHARE_GAP_65_PLUS,PRIV_AVG_PAY,50,-0.3384,0.016232,-0.2294,0.018747,0.3384
SHARE_GAP_65_PLUS,RPP,50,-0.2928,0.039083,-0.1886,0.053325,0.2928
SHARE_GAP_65_PLUS,ELEC_PRICE_TOT,50,-0.2591,0.069199,-0.1626,0.095968,0.2591
SHARE_GAP_65_PLUS,PERMITS,50,0.2122,0.13903,0.1592,0.102859,0.2122
SHARE_GAP_65_PLUS,MED_HOMEVAL,50,-0.1976,0.169071,-0.1339,0.170099,0.1976
SHARE_GAP_65_PLUS,UNEMP,50,-0.1862,0.195359,-0.1224,0.217628,0.1862
SHARE_GAP_65_PLUS,POP_DENS,50,-0.1478,0.305838,-0.0792,0.417141,0.1478
SHARE_GAP_65_PLUS,NRI_RISK_INDEX,50,-0.1377,0.340383,-0.0988,0.311467,0.1377
SHARE_GAP_65_PLUS,COST_BURDEN_ALL,50,-0.134,0.353458,-0.0694,0.477076,0.134
SHARE_GAP_65_PLUS,MED_RENT,50,-0.1231,0.394485,-0.0686,0.48226,0.1231
SHARE_GAP_65_PLUS,GDP,50,-0.0657,0.650135,-0.0269,0.782517,0.0657
SHARE_GAP_65_PLUS,LAND_AREA,50,0.049,0.735278,0.0482,0.621641,0.049
SHARE_GAP_65_PLUS,CRIME_VIOLENT_RATE,50,-0.0413,0.775579,-0.0196,0.840883,0.0413
SHARE_GAP_65_PLUS,COMMUTE_MED,50,-0.035,0.809289,-0.0008,0.993326,0.035
SHARE_GAP_65_PLUS,PRIV_ESTAB,50,-0.0123,0.932214,0.0171,0.860559,0.0123
SHARE_GAP_65_PLUS,POP,50,-0.0097,0.94696,0.0041,0.966639,0.0097
SHARE_GAP_65_PLUS,PRIV_EMP,50,-0.0012,0.993398,0.0269,0.782517,0.0012
