dv,iv,n,coef,std_err,t_value,p_value,r_squared,adj_r_squared,sign
DIFF_IN_18_24,PERMITS,50,-8.26e-08,1.55e-08,-5.3195,3e-06,0.3709,0.3578,-
DIFF_IN_18_24,UNINSURED,50,-0.0011159005,0.0002712578,-4.1138,0.000152,0.2607,0.2453,-
DIFF_IN_18_24,VACANCY_RATE,50,-0.0017033989,0.0004626766,-3.6816,0.000587,0.2202,0.204,-
DIFF_IN_18_24,COST_BURDEN_ALL,50,-0.0004584836,0.0001652708,-2.7741,0.007861,0.1382,0.1202,-
DIFF_IN_18_24,MED_RENT,50,-5.7545e-06,2.4717e-06,-2.3282,0.024165,0.1015,0.0827,-
DIFF_IN_18_24,POP,50,-2e-10,1e-10,-2.1472,0.036855,0.0876,0.0686,-
DIFF_IN_18_24,PRIV_ESTAB,50,-5e-09,2.7e-09,-1.8853,0.065445,0.0689,0.0495,-
DIFF_IN_18_24,PRIV_EMP,50,-5e-10,3e-10,-1.8492,0.070594,0.0665,0.0471,-
DIFF_IN_18_24,NRI_RISK_INDEX,50,-0.0001118505,6.26415e-05,-1.7856,0.080488,0.0623,0.0427,-
DIFF_IN_18_24,TRANSIT_SHARE,50,0.0003568634,0.0002102438,1.6974,0.096101,0.0566,0.037,+
DIFF_IN_18_24,COMMUTE_MED,50,-0.0003526102,0.0002283674,-1.544,0.129145,0.0473,0.0275,-
DIFF_IN_18_24,GDP,50,-1.8e-09,1.3e-09,-1.338,0.187207,0.036,0.0159,-
DIFF_IN_18_24,RPP,50,-0.0001408484,0.0001195695,-1.178,0.244619,0.0281,0.0078,-
DIFF_IN_18_24,REAL_PCPI,50,1.547e-07,1.357e-07,1.1398,0.260032,0.0264,0.0061,+
DIFF_IN_18_24,LAND_AREA,50,-6.8e-09,9.4e-09,-0.7248,0.472117,0.0108,-0.0098,-
DIFF_IN_18_24,ELEC_PRICE_TOT,50,9.06698e-05,0.0001383404,0.6554,0.515332,0.0089,-0.0118,+
DIFF_IN_18_24,POP_DENS,50,-1.6708e-06,2.895e-06,-0.5771,0.566548,0.0069,-0.0138,-
DIFF_IN_18_24,MED_HOMEVAL,50,-3.2e-09,5.6e-09,-0.577,0.566647,0.0069,-0.0138,-
DIFF_IN_18_24,UNEMP,50,-0.0005565452,0.0010175361,-0.547,0.586944,0.0062,-0.0145,-
DIFF_IN_18_24,BA_PLUS,50,5.64609e-05,0.0001481862,0.381,0.704875,0.003,-0.0178,+
DIFF_IN_18_24,CRIME_VIOLENT_RATE,50,-1.8547e-06,5.8267e-06,-0.3183,0.751629,0.0021,-0.0187,-
DIFF_IN_18_24,PRIV_AVG_PAY,50,1.5e-08,7.48e-08,0.2008,0.841734,0.0008,-0.02,+
DIFF_IN_25_34,PRIV_AVG_PAY,50,2.126e-07,4.56e-08,4.6624,2.5e-05,0.3117,0.2974,+
DIFF_IN_25_34,TRANSIT_SHARE,50,0.0005744762,0.0001356166,4.236,0.000102,0.2721,0.2569,+
DIFF_IN_25_34,GDP,50,3.2e-09,9e-10,3.5452,0.000887,0.2075,0.191,+
DIFF_IN_25_34,RPP,50,0.0002247775,8.29457e-05,2.7099,0.009304,0.1327,0.1146,+
DIFF_IN_25_34,VACANCY_RATE,50,-0.0009528996,0.0003593327,-2.6519,0.010816,0.1278,0.1096,-
DIFF_IN_25_34,BA_PLUS,50,0.0002663297,0.0001019792,2.6116,0.011992,0.1244,0.1062,+
DIFF_IN_25_34,PRIV_EMP,50,5e-10,2e-10,2.6019,0.012293,0.1236,0.1053,+
DIFF_IN_25_34,MED_HOMEVAL,50,9.6e-09,3.9e-09,2.4715,0.017054,0.1129,0.0944,+
DIFF_IN_25_34,POP,50,2e-10,1e-10,2.3799,0.021337,0.1055,0.0869,+
DIFF_IN_25_34,PRIV_ESTAB,50,4.5e-09,1.9e-09,2.3529,0.022775,0.1034,0.0847,+
DIFF_IN_25_34,UNEMP,50,0.0016141987,0.0007124143,2.2658,0.028011,0.0966,0.0778,+
DIFF_IN_25_34,REAL_PCPI,50,2.168e-07,9.6e-08,2.2574,0.028572,0.096,0.0771,+
DIFF_IN_25_34,ELEC_PRICE_TOT,50,0.000203882,9.77075e-05,2.0867,0.042255,0.0832,0.0641,+
DIFF_IN_25_34,COMMUTE_MED,50,0.0003393957,0.0001646826,2.0609,0.044752,0.0813,0.0622,+
DIFF_IN_25_34,MED_RENT,50,3.6728e-06,1.84e-06,1.9961,0.051616,0.0766,0.0574,+
DIFF_IN_25_34,COST_BURDEN_ALL,50,0.000229216,0.0001264776,1.8123,0.076196,0.064,0.0445,+
DIFF_IN_25_34,POP_DENS,50,2.5305e-06,2.1018e-06,1.204,0.234501,0.0293,0.0091,+
DIFF_IN_25_34,UNINSURED,50,-0.0002639049,0.0002285123,-1.1549,0.253856,0.027,0.0068,-
DIFF_IN_25_34,NRI_RISK_INDEX,50,5.23241e-05,4.68993e-05,1.1157,0.270119,0.0253,0.005,+
DIFF_IN_25_34,LAND_AREA,50,7.3e-09,6.9e-09,1.0642,0.292544,0.0231,0.0027,+
DIFF_IN_25_34,CRIME_VIOLENT_RATE,50,4.4839e-06,4.2341e-06,1.059,0.294902,0.0228,0.0025,+
DIFF_IN_25_34,PERMITS,50,-1e-09,1.44e-08,-0.0705,0.944084,0.0001,-0.0207,-
DIFF_IN_35_54,UNINSURED,50,0.0008385781,0.0001576184,5.3203,3e-06,0.371,0.3578,+
DIFF_IN_35_54,VACANCY_RATE,50,0.0010560559,0.0002927508,3.6074,0.000735,0.2133,0.1969,+
DIFF_IN_35_54,TRANSIT_SHARE,50,-0.0004053866,0.0001231666,-3.2914,0.001874,0.1841,0.1671,-
DIFF_IN_35_54,PERMITS,50,3.46e-08,1.13e-08,3.0661,0.003556,0.1638,0.1464,+
DIFF_IN_35_54,ELEC_PRICE_TOT,50,-0.0001580971,8.45093e-05,-1.8708,0.067481,0.068,0.0485,-
DIFF_IN_35_54,BA_PLUS,50,-0.000135154,9.14323e-05,-1.4782,0.14589,0.0435,0.0236,-
DIFF_IN_35_54,REAL_PCPI,50,-1.244e-07,8.48e-08,-1.4677,0.148704,0.043,0.023,-
DIFF_IN_35_54,PRIV_AVG_PAY,50,-6.39e-08,4.62e-08,-1.3824,0.173255,0.0383,0.0183,-
DIFF_IN_35_54,LAND_AREA,50,7.1e-09,5.9e-09,1.202,0.235266,0.0292,0.009,+
DIFF_IN_35_54,RPP,50,-6.859e-05,7.5759e-05,-0.9054,0.369791,0.0168,-0.0037,-
DIFF_IN_35_54,MED_HOMEVAL,50,-2.7e-09,3.5e-09,-0.7767,0.441159,0.0124,-0.0082,-
DIFF_IN_35_54,POP_DENS,50,-1.0326e-06,1.8239e-06,-0.5661,0.573942,0.0066,-0.0141,-
DIFF_IN_35_54,POP,50,0.0,1e-10,0.5406,0.591287,0.0061,-0.0147,+
DIFF_IN_35_54,COST_BURDEN_ALL,50,4.7085e-05,0.0001119413,0.4206,0.675908,0.0037,-0.0171,+
DIFF_IN_35_54,UNEMP,50,0.0002099281,0.0006422716,0.3269,0.7452,0.0022,-0.0186,+
DIFF_IN_35_54,PRIV_EMP,50,0.0,2e-10,0.2679,0.789944,0.0015,-0.0193,+
DIFF_IN_35_54,COMMUTE_MED,50,-2.35536e-05,0.000147349,-0.1598,0.87367,0.0005,-0.0203,-
DIFF_IN_35_54,MED_RENT,50,2.433e-07,1.6422e-06,0.1481,0.882858,0.0005,-0.0204,+
DIFF_IN_35_54,PRIV_ESTAB,50,-2e-10,1.7e-09,-0.1087,0.913866,0.0002,-0.0206,-
DIFF_IN_35_54,GDP,50,-0.0,9e-10,-0.0555,0.955961,0.0001,-0.0208,-
DIFF_IN_35_54,CRIME_VIOLENT_RATE,50,-1.3e-07,3.6743e-06,-0.0354,0.971912,0.0,-0.0208,-
DIFF_IN_35_54,NRI_RISK_INDEX,50,1.3843e-06,4.07496e-05,0.034,0.973041,0.0,-0.0208,+
DIFF_IN_55_64,VACANCY_RATE,50,0.0026989525,0.0008113285,3.3266,0.001692,0.1874,0.1704,+
DIFF_IN_55_64,PRIV_AVG_PAY,50,-2.922e-07,1.215e-07,-2.4056,0.020046,0.1076,0.089,-
DIFF_IN_55_64,TRANSIT_SHARE,50,-0.0007955143,0.0003536531,-2.2494,0.029109,0.0954,0.0765,-
DIFF_IN_55_64,UNINSURED,50,0.0011154539,0.0005174332,2.1557,0.036146,0.0883,0.0693,+
DIFF_IN_55_64,PERMITS,50,6.88e-08,3.21e-08,2.1416,0.037328,0.0872,0.0682,+
DIFF_IN_55_64,REAL_PCPI,50,-4.055e-07,2.289e-07,-1.7718,0.08278,0.0614,0.0418,-
DIFF_IN_55_64,BA_PLUS,50,-0.0003622339,0.000249512,-1.4518,0.153071,0.0421,0.0221,-
DIFF_IN_55_64,UNEMP,50,-0.0023601467,0.0017198958,-1.3723,0.176361,0.0378,0.0177,-
DIFF_IN_55_64,GDP,50,-3e-09,2.3e-09,-1.2864,0.204488,0.0333,0.0132,-
DIFF_IN_55_64,MED_HOMEVAL,50,-1.13e-08,9.6e-09,-1.1805,0.243623,0.0282,0.008,-
DIFF_IN_55_64,ELEC_PRICE_TOT,50,-0.0002727849,0.0002354251,-1.1587,0.252315,0.0272,0.0069,-
DIFF_IN_55_64,RPP,50,-0.0001648333,0.0002069748,-0.7964,0.429725,0.013,-0.0075,-
DIFF_IN_55_64,PRIV_EMP,50,-3e-10,5e-10,-0.6134,0.542504,0.0078,-0.0129,-
DIFF_IN_55_64,LAND_AREA,50,-9.6e-09,1.62e-08,-0.5932,0.555834,0.0073,-0.0134,-
DIFF_IN_55_64,PRIV_ESTAB,50,-2.1e-09,4.8e-09,-0.4455,0.657976,0.0041,-0.0166,-
DIFF_IN_55_64,NRI_RISK_INDEX,50,4.71489e-05,0.0001109098,0.4251,0.672656,0.0038,-0.017,+
DIFF_IN_55_64,POP,50,-1e-10,2e-10,-0.3973,0.692921,0.0033,-0.0175,-
DIFF_IN_55_64,COST_BURDEN_ALL,50,9.89975e-05,0.000305472,0.3241,0.747285,0.0022,-0.0186,+
DIFF_IN_55_64,POP_DENS,50,-9.317e-07,4.9883e-06,-0.1868,0.852624,0.0007,-0.0201,-
DIFF_IN_55_64,MED_RENT,50,-2.108e-07,4.479e-06,-0.0471,0.962653,0.0,-0.0208,-
DIFF_IN_55_64,COMMUTE_MED,50,1.76983e-05,0.0004018932,0.044,0.965057,0.0,-0.0208,+
DIFF_IN_55_64,CRIME_VIOLENT_RATE,50,-5.544e-07,1.0019e-05,-0.0553,0.956103,0.0001,-0.0208,-
DIFF_IN_65_PLUS,VACANCY_RATE,50,0.0021633577,0.0009930521,2.1785,0.034312,0.09,0.071,+
DIFF_IN_65_PLUS,TRANSIT_SHARE,50,-0.0008585608,0.0004118302,-2.0847,0.042436,0.083,0.0639,-
DIFF_IN_65_PLUS,PERMITS,50,7.17e-08,3.75e-08,1.9108,0.062012,0.0707,0.0513,+
DIFF_IN_65_PLUS,PRIV_AVG_PAY,50,-2.266e-07,1.451e-07,-1.5619,0.124882,0.0484,0.0285,-
DIFF_IN_65_PLUS,REAL_PCPI,50,-3.522e-07,2.685e-07,-1.3119,0.195792,0.0346,0.0145,-
DIFF_IN_65_PLUS,UNINSURED,50,0.0006401879,0.0006199405,1.0327,0.306938,0.0217,0.0014,+
DIFF_IN_65_PLUS,COST_BURDEN_ALL,50,0.0003264037,0.0003505574,0.9311,0.356462,0.0177,-0.0027,+
DIFF_IN_65_PLUS,BA_PLUS,50,-0.0002538964,0.0002925785,-0.8678,0.389828,0.0154,-0.0051,-
DIFF_IN_65_PLUS,MED_RENT,50,3.9356e-06,5.1495e-06,0.7643,0.448447,0.012,-0.0086,+
DIFF_IN_65_PLUS,UNEMP,50,-0.0015344906,0.0020158236,-0.7612,0.450248,0.0119,-0.0087,-
DIFF_IN_65_PLUS,NRI_RISK_INDEX,50,9.35972e-05,0.0001278125,0.7323,0.467546,0.011,-0.0096,+
DIFF_IN_65_PLUS,ELEC_PRICE_TOT,50,-0.0001904323,0.0002747135,-0.6932,0.491523,0.0099,-0.0107,-
DIFF_IN_65_PLUS,LAND_AREA,50,-1.12e-08,1.88e-08,-0.5979,0.552749,0.0074,-0.0133,-
DIFF_IN_65_PLUS,CRIME_VIOLENT_RATE,50,-6.8233e-06,1.15468e-05,-0.5909,0.557345,0.0072,-0.0135,-
DIFF_IN_65_PLUS,GDP,50,-1.6e-09,2.7e-09,-0.5843,0.561755,0.0071,-0.0136,-
DIFF_IN_65_PLUS,PRIV_ESTAB,50,2.4e-09,5.5e-09,0.4357,0.665007,0.0039,-0.0168,+
DIFF_IN_65_PLUS,MED_HOMEVAL,50,-2.5e-09,1.12e-08,-0.2244,0.823376,0.001,-0.0198,-
DIFF_IN_65_PLUS,POP,50,0.0,2e-10,0.1954,0.845899,0.0008,-0.02,+
DIFF_IN_65_PLUS,RPP,50,3.31663e-05,0.0002409252,0.1377,0.891083,0.0004,-0.0204,+
DIFF_IN_65_PLUS,POP_DENS,50,4.19e-07,5.7715e-06,0.0726,0.942426,0.0001,-0.0207,+
DIFF_IN_65_PLUS,PRIV_EMP,50,0.0,5e-10,0.0299,0.976264,0.0,-0.0208,+
DIFF_IN_65_PLUS,COMMUTE_MED,50,-6.6805e-06,0.0004648561,-0.0144,0.988594,0.0,-0.0208,-
DIFF_OUT_18_24,PERMITS,50,-4.97e-08,1.27e-08,-3.9196,0.000281,0.2425,0.2267,-
DIFF_OUT_18_24,PRIV_ESTAB,50,-7e-09,1.8e-09,-3.861,0.000337,0.237,0.2211,-
DIFF_OUT_18_24,POP,50,-2e-10,1e-10,-3.255,0.002082,0.1808,0.1638,-
DIFF_OUT_18_24,GDP,50,-2.9e-09,9e-10,-3.122,0.00304,0.1688,0.1515,-
DIFF_OUT_18_24,PRIV_EMP,50,-6e-10,2e-10,-3.095,0.00328,0.1664,0.149,-
DIFF_OUT_18_24,COST_BURDEN_ALL,50,-0.0003686184,0.0001214311,-3.0356,0.003871,0.1611,0.1436,-
DIFF_OUT_18_24,MED_RENT,50,-3.9198e-06,1.8576e-06,-2.1101,0.040083,0.0849,0.0658,-
DIFF_OUT_18_24,VACANCY_RATE,50,-0.0007666718,0.0003741575,-2.0491,0.045944,0.0804,0.0613,-
DIFF_OUT_18_24,UNINSURED,50,-0.0003852593,0.0002282546,-1.6878,0.097929,0.056,0.0364,-
DIFF_OUT_18_24,MED_HOMEVAL,50,-5.9e-09,4.1e-09,-1.4393,0.156563,0.0414,0.0214,-
DIFF_OUT_18_24,CRIME_VIOLENT_RATE,50,-5.7108e-06,4.2647e-06,-1.3391,0.18685,0.036,0.0159,-
DIFF_OUT_18_24,NRI_RISK_INDEX,50,-6.06039e-05,4.73722e-05,-1.2793,0.206936,0.033,0.0128,-
DIFF_OUT_18_24,COMMUTE_MED,50,-0.0002181261,0.0001713677,-1.2729,0.2092,0.0327,0.0125,-
DIFF_OUT_18_24,RPP,50,-0.0001029986,8.90885e-05,-1.1561,0.253347,0.0271,0.0068,-
DIFF_OUT_18_24,BA_PLUS,50,9.22211e-05,0.0001097155,0.8405,0.404769,0.0145,-0.006,+
DIFF_OUT_18_24,UNEMP,50,-0.0006240044,0.0007547546,-0.8268,0.412462,0.014,-0.0065,-
DIFF_OUT_18_24,TRANSIT_SHARE,50,-0.0001247981,0.0001601878,-0.7791,0.43976,0.0125,-0.0081,-
DIFF_OUT_18_24,LAND_AREA,50,-5.3e-09,7e-09,-0.7525,0.455411,0.0117,-0.0089,-
DIFF_OUT_18_24,POP_DENS,50,1.572e-06,2.1514e-06,0.7307,0.46854,0.011,-0.0096,+
DIFF_OUT_18_24,REAL_PCPI,50,6.88e-08,1.019e-07,0.6745,0.503214,0.0094,-0.0112,+
DIFF_OUT_18_24,PRIV_AVG_PAY,50,-3.05e-08,5.56e-08,-0.5485,0.585876,0.0062,-0.0145,-
DIFF_OUT_18_24,ELEC_PRICE_TOT,50,-5.36295e-05,0.0001031912,-0.5197,0.605654,0.0056,-0.0151,-
DIFF_OUT_25_34,TRANSIT_SHARE,50,0.0001281235,7.91396e-05,1.619,0.11201,0.0518,0.032,+
DIFF_OUT_25_34,PRIV_AVG_PAY,50,3.03e-08,2.78e-08,1.093,0.279846,0.0243,0.004,+
DIFF_OUT_25_34,MED_HOMEVAL,50,2.1e-09,2.1e-09,0.9795,0.332221,0.0196,-0.0008,+
DIFF_OUT_25_34,BA_PLUS,50,4.78951e-05,5.52908e-05,0.8662,0.390668,0.0154,-0.0051,+
DIFF_OUT_25_34,ELEC_PRICE_TOT,50,4.22943e-05,5.18141e-05,0.8163,0.418378,0.0137,-0.0069,+
DIFF_OUT_25_34,NRI_RISK_INDEX,50,-1.77843e-05,2.41516e-05,-0.7364,0.465093,0.0112,-0.0094,-
DIFF_OUT_25_34,COMMUTE_MED,50,4.40533e-05,8.76148e-05,0.5028,0.617399,0.0052,-0.0155,+
DIFF_OUT_25_34,POP_DENS,50,-4.827e-07,1.0885e-06,-0.4434,0.659458,0.0041,-0.0167,-
DIFF_OUT_25_34,MED_RENT,50,4.323e-07,9.77e-07,0.4424,0.660173,0.0041,-0.0167,+
DIFF_OUT_25_34,PRIV_ESTAB,50,-4e-10,1e-09,-0.4187,0.677268,0.0036,-0.0171,-
DIFF_OUT_25_34,REAL_PCPI,50,2.03e-08,5.16e-08,0.3938,0.695449,0.0032,-0.0175,+
DIFF_OUT_25_34,UNEMP,50,-0.0001484358,0.0003826283,-0.3879,0.699778,0.0031,-0.0176,-
DIFF_OUT_25_34,LAND_AREA,50,1.3e-09,3.6e-09,0.3755,0.708941,0.0029,-0.0178,+
DIFF_OUT_25_34,GDP,50,1e-10,5e-10,0.2476,0.805486,0.0013,-0.0195,+
DIFF_OUT_25_34,CRIME_VIOLENT_RATE,50,4.985e-07,2.1888e-06,0.2277,0.820811,0.0011,-0.0197,+
DIFF_OUT_25_34,VACANCY_RATE,50,-4.2238e-05,0.0001966235,-0.2148,0.83082,0.001,-0.0199,-
DIFF_OUT_25_34,POP,50,-0.0,0.0,-0.1478,0.883103,0.0005,-0.0204,-
DIFF_OUT_25_34,PERMITS,50,8e-10,7.4e-09,0.1038,0.917781,0.0002,-0.0206,+
DIFF_OUT_25_34,COST_BURDEN_ALL,50,-5.4751e-06,6.68366e-05,-0.0819,0.935053,0.0001,-0.0207,-
DIFF_OUT_25_34,RPP,50,9.5e-07,4.5537e-05,0.0209,0.983442,0.0,-0.0208,+
DIFF_OUT_25_34,PRIV_EMP,50,-0.0,1e-10,-0.0608,0.951758,0.0001,-0.0208,-
DIFF_OUT_25_34,UNINSURED,50,9.286e-07,0.0001184458,0.0078,0.993777,0.0,-0.0208,+
DIFF_OUT_35_54,PERMITS,50,4.33e-08,9e-09,4.7876,1.7e-05,0.3232,0.3091,+
DIFF_OUT_35_54,PRIV_ESTAB,50,5.8e-09,1.3e-09,4.4541,5e-05,0.2924,0.2777,+
DIFF_OUT_35_54,POP,50,2e-10,1e-10,4.0843,0.000167,0.2579,0.2424,+
DIFF_OUT_35_54,GDP,50,2.6e-09,7e-10,3.9147,0.000285,0.242,0.2262,+
DIFF_OUT_35_54,PRIV_EMP,50,5e-10,1e-10,3.8102,0.000395,0.2322,0.2162,+
DIFF_OUT_35_54,UNINSURED,50,0.0004966752,0.0001620202,3.0655,0.003562,0.1637,0.1463,+
DIFF_OUT_35_54,COST_BURDEN_ALL,50,0.0002360778,9.39956e-05,2.5116,0.015437,0.1162,0.0977,+
DIFF_OUT_35_54,VACANCY_RATE,50,0.0006315987,0.0002797733,2.2575,0.028561,0.096,0.0772,+
DIFF_OUT_35_54,BA_PLUS,50,-0.0001210198,8.14972e-05,-1.485,0.144094,0.0439,0.024,-
DIFF_OUT_35_54,LAND_AREA,50,7.3e-09,5.2e-09,1.4036,0.166861,0.0394,0.0194,+
DIFF_OUT_35_54,MED_RENT,50,1.7951e-06,1.4413e-06,1.2455,0.219009,0.0313,0.0111,+
DIFF_OUT_35_54,CRIME_VIOLENT_RATE,50,3.8694e-06,3.2278e-06,1.1988,0.236503,0.0291,0.0088,+
DIFF_OUT_35_54,UNEMP,50,0.0006454115,0.000565613,1.1411,0.259496,0.0264,0.0061,+
DIFF_OUT_35_54,POP_DENS,50,-1.5858e-06,1.6154e-06,-0.9817,0.331165,0.0197,-0.0007,-
DIFF_OUT_35_54,NRI_RISK_INDEX,50,2.86713e-05,3.6093e-05,0.7944,0.430889,0.013,-0.0076,+
DIFF_OUT_35_54,REAL_PCPI,50,-5.87e-08,7.68e-08,-0.7652,0.447885,0.0121,-0.0085,-
DIFF_OUT_35_54,COMMUTE_MED,50,8.81983e-05,0.000130781,0.6744,0.503294,0.0094,-0.0113,+
DIFF_OUT_35_54,MED_HOMEVAL,50,1.9e-09,3.2e-09,0.6164,0.540541,0.0079,-0.0128,+
DIFF_OUT_35_54,RPP,50,2.42527e-05,6.80247e-05,0.3565,0.723008,0.0026,-0.0181,+
DIFF_OUT_35_54,ELEC_PRICE_TOT,50,-2.52279e-05,7.79548e-05,-0.3236,0.74763,0.0022,-0.0186,-
DIFF_OUT_35_54,PRIV_AVG_PAY,50,1.2e-09,4.2e-08,0.0279,0.977845,0.0,-0.0208,+
DIFF_OUT_35_54,TRANSIT_SHARE,50,1.7839e-06,0.000121566,0.0147,0.988353,0.0,-0.0208,+
DIFF_OUT_55_64,PRIV_ESTAB,50,3.8e-09,1.2e-09,3.0808,0.003413,0.1651,0.1477,+
DIFF_OUT_55_64,GDP,50,1.6e-09,6e-10,2.5997,0.012363,0.1234,0.1052,+
DIFF_OUT_55_64,PRIV_EMP,50,3e-10,1e-10,2.5199,0.015121,0.1168,0.0984,+
DIFF_OUT_55_64,POP,50,1e-10,0.0,2.4613,0.017487,0.1121,0.0936,+
DIFF_OUT_55_64,COST_BURDEN_ALL,50,0.0001784757,8.33464e-05,2.1414,0.037349,0.0872,0.0682,+
DIFF_OUT_55_64,NRI_RISK_INDEX,50,6.29567e-05,3.03681e-05,2.0731,0.043552,0.0822,0.0631,+
DIFF_OUT_55_64,RPP,50,0.000100256,5.76435e-05,1.7392,0.088402,0.0593,0.0397,+
DIFF_OUT_55_64,MED_RENT,50,2.1405e-06,1.2398e-06,1.7264,0.090699,0.0585,0.0389,+
DIFF_OUT_55_64,CRIME_VIOLENT_RATE,50,4.6175e-06,2.7794e-06,1.6613,0.103167,0.0544,0.0347,+
DIFF_OUT_55_64,COMMUTE_MED,50,0.0001789405,0.0001117025,1.6019,0.115731,0.0507,0.031,+
DIFF_OUT_55_64,PRIV_AVG_PAY,50,5.15e-08,3.59e-08,1.4341,0.15803,0.0411,0.0211,+
DIFF_OUT_55_64,TRANSIT_SHARE,50,0.0001396881,0.0001041362,1.3414,0.186104,0.0361,0.0161,+
DIFF_OUT_55_64,MED_HOMEVAL,50,3.5e-09,2.7e-09,1.273,0.209137,0.0327,0.0125,+
DIFF_OUT_55_64,ELEC_PRICE_TOT,50,7.70763e-05,6.7177e-05,1.1474,0.256919,0.0267,0.0064,+
DIFF_OUT_55_64,UNEMP,50,0.0005548805,0.0004937086,1.1239,0.266644,0.0256,0.0053,+
DIFF_OUT_55_64,PERMITS,50,9.2e-09,9.5e-09,0.9713,0.33625,0.0193,-0.0012,+
DIFF_OUT_55_64,REAL_PCPI,50,2.85e-08,6.73e-08,0.4231,0.674127,0.0037,-0.017,+
DIFF_OUT_55_64,LAND_AREA,50,1.6e-09,4.6e-09,0.3338,0.739991,0.0023,-0.0185,+
DIFF_OUT_55_64,VACANCY_RATE,50,-5.78932e-05,0.0002566069,-0.2256,0.822462,0.0011,-0.0198,-
DIFF_OUT_55_64,BA_PLUS,50,-1.51931e-05,7.26906e-05,-0.209,0.835324,0.0009,-0.0199,-
DIFF_OUT_55_64,UNINSURED,50,-3.08898e-05,0.0001545232,-0.1999,0.8424,0.0008,-0.02,-
DIFF_OUT_55_64,POP_DENS,50,-2.18e-07,1.4232e-06,-0.1532,0.878918,0.0005,-0.0203,-
DIFF_OUT_65_PLUS,COST_BURDEN_ALL,50,0.0002500543,0.0001878818,1.3309,0.189505,0.0356,0.0155,+
DIFF_OUT_65_PLUS,NRI_RISK_INDEX,50,8.25271e-05,6.84892e-05,1.205,0.234124,0.0294,0.0091,+
DIFF_OUT_65_PLUS,VACANCY_RATE,50,0.0006364058,0.0005555145,1.1456,0.257634,0.0266,0.0063,+
DIFF_OUT_65_PLUS,MED_RENT,50,2.7682e-06,2.7736e-06,0.9981,0.323244,0.0203,-0.0001,+
DIFF_OUT_65_PLUS,RPP,50,0.0001172979,0.0001292351,0.9076,0.368607,0.0169,-0.0036,+
DIFF_OUT_65_PLUS,LAND_AREA,50,-8.5e-09,1.01e-08,-0.84,0.405096,0.0145,-0.006,-
DIFF_OUT_65_PLUS,REAL_PCPI,50,-1.165e-07,1.468e-07,-0.7933,0.431523,0.0129,-0.0076,-
DIFF_OUT_65_PLUS,PERMITS,50,1.56e-08,2.09e-08,0.7469,0.458757,0.0115,-0.0091,+
DIFF_OUT_65_PLUS,PRIV_ESTAB,50,2.1e-09,3e-09,0.705,0.484221,0.0102,-0.0104,+
DIFF_OUT_65_PLUS,TRANSIT_SHARE,50,-0.0001550789,0.0002315408,-0.6698,0.506214,0.0093,-0.0114,-
DIFF_OUT_65_PLUS,PRIV_AVG_PAY,50,-5.14e-08,8.01e-08,-0.6418,0.524048,0.0085,-0.0121,-
DIFF_OUT_65_PLUS,BA_PLUS,50,-7.1087e-05,0.0001591584,-0.4466,0.657142,0.0041,-0.0166,-
DIFF_OUT_65_PLUS,UNINSURED,50,-0.000151461,0.0003383172,-0.4477,0.656391,0.0042,-0.0166,-
DIFF_OUT_65_PLUS,POP_DENS,50,1.1927e-06,3.1172e-06,0.3826,0.703694,0.003,-0.0177,+
DIFF_OUT_65_PLUS,MED_HOMEVAL,50,1.9e-09,6.1e-09,0.3202,0.750212,0.0021,-0.0187,+
DIFF_OUT_65_PLUS,COMMUTE_MED,50,7.69116e-05,0.0002511905,0.3062,0.760785,0.0019,-0.0188,+
DIFF_OUT_65_PLUS,GDP,50,-4e-10,1.5e-09,-0.2971,0.767664,0.0018,-0.019,-
DIFF_OUT_65_PLUS,POP,50,0.0,1e-10,0.1635,0.870795,0.0006,-0.0203,+
DIFF_OUT_65_PLUS,PRIV_EMP,50,0.0,3e-10,0.0691,0.945187,0.0001,-0.0207,+
DIFF_OUT_65_PLUS,ELEC_PRICE_TOT,50,1.37638e-05,0.000149318,0.0922,0.926941,0.0002,-0.0207,+
DIFF_OUT_65_PLUS,UNEMP,50,2.71227e-05,0.0010968898,0.0247,0.980375,0.0,-0.0208,+
DIFF_OUT_65_PLUS,CRIME_VIOLENT_RATE,50,2.628e-07,6.2681e-06,0.0419,0.966727,0.0,-0.0208,+
REL_IN_18_24,NRI_RISK_INDEX,50,-0.0092161341,0.0023027372,-4.0023,0.000216,0.2502,0.2346,-
REL_IN_18_24,COMMUTE_MED,50,-0.0320898434,0.0084298702,-3.8067,0.000399,0.2319,0.2159,-
REL_IN_18_24,VACANCY_RATE,50,-0.0661687338,0.0193062962,-3.4273,0.00126,0.1966,0.1799,-
REL_IN_18_24,MED_RENT,50,-0.0002980817,9.81832e-05,-3.036,0.003867,0.1611,0.1436,-
REL_IN_18_24,UNINSURED,50,-0.0352222524,0.0119311373,-2.9521,0.004872,0.1537,0.136,-
REL_IN_18_24,COST_BURDEN_ALL,50,-0.0196120453,0.0067491099,-2.9059,0.005526,0.1496,0.1319,-
REL_IN_18_24,PERMITS,50,-2.1186e-06,7.446e-07,-2.8451,0.006508,0.1443,0.1265,-
REL_IN_18_24,UNEMP,50,-0.10583123,0.0390819482,-2.7079,0.009353,0.1325,0.1145,-
REL_IN_18_24,RPP,50,-0.0099047131,0.0047767057,-2.0735,0.043511,0.0822,0.0631,-
REL_IN_18_24,POP,50,-8.1e-09,4.2e-09,-1.9071,0.062496,0.0704,0.0511,-
REL_IN_18_24,REAL_PCPI,50,9.9507e-06,5.4683e-06,1.8197,0.075044,0.0645,0.045,+
REL_IN_18_24,PRIV_EMP,50,-1.87e-08,1.09e-08,-1.7194,0.091981,0.058,0.0384,-
REL_IN_18_24,PRIV_ESTAB,50,-1.836e-07,1.108e-07,-1.657,0.104044,0.0541,0.0344,-
REL_IN_18_24,GDP,50,-8.02e-08,5.47e-08,-1.4654,0.149322,0.0428,0.0229,-
REL_IN_18_24,CRIME_VIOLENT_RATE,50,-0.0003229488,0.0002352129,-1.373,0.176131,0.0378,0.0177,-
REL_IN_18_24,PRIV_AVG_PAY,50,-3.0466e-06,3.0459e-06,-1.0002,0.322213,0.0204,0.0,-
REL_IN_18_24,MED_HOMEVAL,50,-2.28e-07,2.297e-07,-0.9927,0.32582,0.0201,-0.0003,-
REL_IN_18_24,POP_DENS,50,-8.41872e-05,0.0001188073,-0.7086,0.481998,0.0104,-0.0103,-
REL_IN_18_24,LAND_AREA,50,-1.73e-07,3.894e-07,-0.4442,0.658899,0.0041,-0.0167,-
REL_IN_18_24,BA_PLUS,50,0.0012387817,0.0060985305,0.2031,0.839894,0.0009,-0.02,+
REL_IN_18_24,TRANSIT_SHARE,50,0.0011724421,0.0088971412,0.1318,0.895711,0.0004,-0.0205,+
REL_IN_18_24,ELEC_PRICE_TOT,50,6.61312e-05,0.0057125692,0.0116,0.990812,0.0,-0.0208,+
REL_IN_25_34,PRIV_AVG_PAY,50,9.242e-06,1.6198e-06,5.7057,1e-06,0.4041,0.3917,+
REL_IN_25_34,RPP,50,0.0146943547,0.0026571155,5.5302,1e-06,0.3892,0.3765,+
REL_IN_25_34,COMMUTE_MED,50,0.0245097685,0.0055225852,4.4381,5.3e-05,0.291,0.2762,+
REL_IN_25_34,MED_RENT,50,0.0002724473,6.16134e-05,4.4219,5.6e-05,0.2894,0.2746,+
REL_IN_25_34,COST_BURDEN_ALL,50,0.0172383783,0.0043258372,3.985,0.000229,0.2486,0.2329,+
REL_IN_25_34,TRANSIT_SHARE,50,0.0207541825,0.0052767096,3.9332,0.000269,0.2437,0.228,+
REL_IN_25_34,BA_PLUS,50,0.013794141,0.0036527675,3.7764,0.000439,0.229,0.213,+
REL_IN_25_34,UNEMP,50,0.0943053031,0.0251664684,3.7473,0.00048,0.2263,0.2102,+
REL_IN_25_34,NRI_RISK_INDEX,50,0.0059604416,0.0015962298,3.7341,0.0005,0.2251,0.209,+
REL_IN_25_34,MED_HOMEVAL,50,4.985e-07,1.409e-07,3.5382,0.000906,0.2069,0.1903,+
REL_IN_25_34,ELEC_PRICE_TOT,50,0.0122494593,0.0034708096,3.5293,0.00093,0.206,0.1895,+
REL_IN_25_34,GDP,50,1.134e-07,3.45e-08,3.2909,0.001877,0.1841,0.1671,+
REL_IN_25_34,POP_DENS,50,0.0002329681,7.41661e-05,3.1412,0.00288,0.1705,0.1532,+
REL_IN_25_34,PRIV_EMP,50,2.06e-08,7e-09,2.938,0.005063,0.1524,0.1348,+
REL_IN_25_34,POP,50,7.7e-09,2.8e-09,2.7855,0.007628,0.1392,0.1212,+
REL_IN_25_34,PRIV_ESTAB,50,1.889e-07,7.27e-08,2.5974,0.012433,0.1232,0.105,+
REL_IN_25_34,LAND_AREA,50,4.583e-07,2.577e-07,1.7782,0.0817,0.0618,0.0423,+
REL_IN_25_34,CRIME_VIOLENT_RATE,50,0.0002085449,0.0001607074,1.2977,0.200603,0.0339,0.0138,+
REL_IN_25_34,REAL_PCPI,50,4.726e-06,3.7943e-06,1.2456,0.218975,0.0313,0.0111,+
REL_IN_25_34,VACANCY_RATE,50,-0.0162797424,0.0144977607,-1.1229,0.267059,0.0256,0.0053,-
REL_IN_25_34,PERMITS,50,5.777e-07,5.425e-07,1.0648,0.292281,0.0231,0.0027,+
REL_IN_25_34,UNINSURED,50,-0.0066228353,0.0087913435,-0.7533,0.454927,0.0117,-0.0089,-
REL_IN_35_54,UNINSURED,50,0.0288424603,0.0067337585,4.2833,8.8e-05,0.2765,0.2615,+
REL_IN_35_54,VACANCY_RATE,50,0.0426475713,0.0116183351,3.6707,0.000607,0.2192,0.2029,+
REL_IN_35_54,BA_PLUS,50,-0.0094279382,0.0034668073,-2.7195,0.009075,0.1335,0.1155,-
REL_IN_35_54,ELEC_PRICE_TOT,50,-0.0069253117,0.0033407858,-2.073,0.043568,0.0822,0.063,-
REL_IN_35_54,TRANSIT_SHARE,50,-0.0092355281,0.0052659493,-1.7538,0.085845,0.0602,0.0406,-
REL_IN_35_54,UNEMP,50,0.0347034238,0.0251197426,1.3815,0.173516,0.0382,0.0182,+
REL_IN_35_54,REAL_PCPI,50,-4.3731e-06,3.393e-06,-1.2889,0.203626,0.0334,0.0133,-
REL_IN_35_54,PRIV_AVG_PAY,50,-2.284e-06,1.8494e-06,-1.235,0.222836,0.0308,0.0106,-
REL_IN_35_54,PERMITS,50,5.779e-07,4.843e-07,1.1934,0.238573,0.0288,0.0086,+
REL_IN_35_54,CRIME_VIOLENT_RATE,50,0.0001594501,0.0001445524,1.1031,0.275501,0.0247,0.0044,+
REL_IN_35_54,RPP,50,-0.0032699638,0.0030068131,-1.0875,0.282239,0.024,0.0037,-
REL_IN_35_54,POP_DENS,50,-6.81519e-05,7.2235e-05,-0.9435,0.350163,0.0182,-0.0022,-
REL_IN_35_54,MED_HOMEVAL,50,-1.276e-07,1.404e-07,-0.909,0.367905,0.0169,-0.0036,-
REL_IN_35_54,NRI_RISK_INDEX,50,0.0013375816,0.00161182,0.8299,0.410727,0.0141,-0.0064,+
REL_IN_35_54,LAND_AREA,50,1.846e-07,2.367e-07,0.7798,0.439338,0.0125,-0.0081,+
REL_IN_35_54,COST_BURDEN_ALL,50,0.0013010715,0.0044636082,0.2915,0.771937,0.0018,-0.019,+
REL_IN_35_54,GDP,50,-9.4e-09,3.41e-08,-0.2741,0.785162,0.0016,-0.0192,-
REL_IN_35_54,COMMUTE_MED,50,0.0014564638,0.0058676589,0.2482,0.805024,0.0013,-0.0195,+
REL_IN_35_54,PRIV_ESTAB,50,-1.36e-08,6.95e-08,-0.1955,0.845814,0.0008,-0.02,-
REL_IN_35_54,PRIV_EMP,50,-1.1e-09,6.8e-09,-0.1614,0.872476,0.0005,-0.0203,-
REL_IN_35_54,POP,50,2e-10,2.7e-09,0.0611,0.951569,0.0001,-0.0208,+
REL_IN_35_54,MED_RENT,50,3.125e-07,6.54357e-05,0.0048,0.996209,0.0,-0.0208,+
REL_IN_55_64,VACANCY_RATE,50,0.0701023118,0.0215663447,3.2505,0.002109,0.1804,0.1633,+
REL_IN_55_64,REAL_PCPI,50,-1.80515e-05,5.6842e-06,-3.1757,0.002611,0.1736,0.1564,-
REL_IN_55_64,PRIV_AVG_PAY,50,-8.3492e-06,3.1831e-06,-2.623,0.011647,0.1254,0.1071,-
REL_IN_55_64,TRANSIT_SHARE,50,-0.0213801985,0.0093454427,-2.2878,0.026599,0.0983,0.0795,-
REL_IN_55_64,UNINSURED,50,0.0274924796,0.0137836501,1.9946,0.051785,0.0765,0.0573,+
REL_IN_55_64,BA_PLUS,50,-0.0127901537,0.0064902569,-1.9707,0.054544,0.0749,0.0556,-
REL_IN_55_64,MED_HOMEVAL,50,-4.222e-07,2.492e-07,-1.694,0.096744,0.0564,0.0368,-
REL_IN_55_64,LAND_AREA,50,-6.904e-07,4.199e-07,-1.6442,0.106666,0.0533,0.0336,-
REL_IN_55_64,GDP,50,-8.27e-08,6.07e-08,-1.3611,0.179827,0.0372,0.0171,-
REL_IN_55_64,RPP,50,-0.0070004879,0.0054210751,-1.2913,0.202768,0.0336,0.0134,-
REL_IN_55_64,ELEC_PRICE_TOT,50,-0.0076228963,0.0062214092,-1.2253,0.226453,0.0303,0.0101,-
REL_IN_55_64,POP_DENS,50,-0.0001527926,0.0001302289,-1.1733,0.24648,0.0279,0.0076,-
REL_IN_55_64,UNEMP,50,-0.0520682826,0.0457952865,-1.137,0.261191,0.0262,0.0059,-
REL_IN_55_64,PERMITS,50,9.95e-07,8.786e-07,1.1324,0.26308,0.026,0.0057,+
REL_IN_55_64,PRIV_EMP,50,-1.17e-08,1.23e-08,-0.9545,0.344589,0.0186,-0.0018,-
REL_IN_55_64,COMMUTE_MED,50,0.0082866287,0.0105703676,0.7839,0.436922,0.0126,-0.0079,+
REL_IN_55_64,PRIV_ESTAB,50,-9.7e-08,1.252e-07,-0.7749,0.442225,0.0124,-0.0082,-
REL_IN_55_64,POP,50,-3.6e-09,4.8e-09,-0.7424,0.461474,0.0114,-0.0092,-
REL_IN_55_64,MED_RENT,50,-5.91895e-05,0.0001182479,-0.5006,0.618972,0.0052,-0.0155,-
REL_IN_55_64,NRI_RISK_INDEX,50,0.0013030795,0.0029351435,0.444,0.659068,0.0041,-0.0167,+
REL_IN_55_64,COST_BURDEN_ALL,50,-0.0032242899,0.0080809121,-0.399,0.691662,0.0033,-0.0175,-
REL_IN_55_64,CRIME_VIOLENT_RATE,50,0.0001040377,0.0002647727,0.3929,0.696109,0.0032,-0.0176,+
REL_IN_65_PLUS,VACANCY_RATE,50,0.0526732169,0.0249005595,2.1153,0.039617,0.0853,0.0662,+
REL_IN_65_PLUS,TRANSIT_SHARE,50,-0.0204115508,0.0103448294,-1.9731,0.054256,0.075,0.0558,-
REL_IN_65_PLUS,REAL_PCPI,50,-1.25904e-05,6.5878e-06,-1.9112,0.061966,0.0707,0.0514,-
REL_IN_65_PLUS,ELEC_PRICE_TOT,50,-0.0112366861,0.0067117764,-1.6742,0.100601,0.0552,0.0355,-
REL_IN_65_PLUS,PERMITS,50,1.5439e-06,9.472e-07,1.63,0.109638,0.0525,0.0327,+
REL_IN_65_PLUS,PRIV_AVG_PAY,50,-5.3918e-06,3.6375e-06,-1.4823,0.144796,0.0438,0.0239,-
REL_IN_65_PLUS,LAND_AREA,50,-6.69e-07,4.617e-07,-1.4491,0.153813,0.0419,0.022,-
REL_IN_65_PLUS,BA_PLUS,50,-0.0083196088,0.0072762127,-1.1434,0.258544,0.0265,0.0062,-
REL_IN_65_PLUS,UNINSURED,50,0.016494084,0.0154943132,1.0645,0.292417,0.0231,0.0027,+
REL_IN_65_PLUS,POP_DENS,50,-0.0001409569,0.0001429141,-0.9863,0.328929,0.0199,-0.0006,-
REL_IN_65_PLUS,NRI_RISK_INDEX,50,0.0025516061,0.00319326,0.7991,0.428192,0.0131,-0.0074,+
REL_IN_65_PLUS,CRIME_VIOLENT_RATE,50,-0.0002169391,0.0002881415,-0.7529,0.455192,0.0117,-0.0089,-
REL_IN_65_PLUS,UNEMP,50,-0.0300084957,0.0505343534,-0.5938,0.555418,0.0073,-0.0134,-
REL_IN_65_PLUS,MED_HOMEVAL,50,-1.456e-07,2.796e-07,-0.5205,0.605089,0.0056,-0.0151,-
REL_IN_65_PLUS,PRIV_ESTAB,50,5.43e-08,1.375e-07,0.395,0.694574,0.0032,-0.0175,+
REL_IN_65_PLUS,MED_RENT,50,4.85604e-05,0.0001293815,0.3753,0.709071,0.0029,-0.0178,+
REL_IN_65_PLUS,RPP,50,-0.002015727,0.0060197604,-0.3349,0.739196,0.0023,-0.0185,-
REL_IN_65_PLUS,POP,50,1.6e-09,5.3e-09,0.3063,0.760676,0.002,-0.0188,+
REL_IN_65_PLUS,GDP,50,-1.9e-08,6.76e-08,-0.2811,0.779842,0.0016,-0.0192,-
REL_IN_65_PLUS,COMMUTE_MED,50,0.0029281462,0.0116185022,0.252,0.802098,0.0013,-0.0195,+
REL_IN_65_PLUS,PRIV_EMP,50,2.5e-09,1.35e-08,0.1872,0.852285,0.0007,-0.0201,+
REL_IN_65_PLUS,COST_BURDEN_ALL,50,0.0015638617,0.0088434668,0.1768,0.86038,0.0007,-0.0202,+
REL_OUT_18_24,VACANCY_RATE,50,-0.0437351332,0.0136783166,-3.1974,0.002455,0.1756,0.1584,-
REL_OUT_18_24,CRIME_VIOLENT_RATE,50,-0.0004780549,0.000152855,-3.1275,0.002993,0.1693,0.152,-
REL_OUT_18_24,UNEMP,50,-0.0741060936,0.0273290128,-2.7116,0.009263,0.1328,0.1148,-
REL_OUT_18_24,UNINSURED,50,-0.021587792,0.0085186298,-2.5342,0.014588,0.118,0.0996,-
REL_OUT_18_24,PERMITS,50,-1.2244e-06,5.346e-07,-2.2905,0.026427,0.0985,0.0798,-
REL_OUT_18_24,BA_PLUS,50,0.0092614127,0.0040523613,2.2854,0.026745,0.0981,0.0793,+
REL_OUT_18_24,NRI_RISK_INDEX,50,-0.003644511,0.001784011,-2.0429,0.046577,0.08,0.0608,-
REL_OUT_18_24,COST_BURDEN_ALL,50,-0.0094745746,0.0049326611,-1.9208,0.06071,0.0714,0.052,-
REL_OUT_18_24,PRIV_ESTAB,50,-1.399e-07,7.71e-08,-1.815,0.075778,0.0642,0.0447,-
REL_OUT_18_24,REAL_PCPI,50,6.8439e-06,3.8289e-06,1.7874,0.080182,0.0624,0.0429,+
REL_OUT_18_24,POP,50,-5.3e-09,3e-09,-1.767,0.083581,0.0611,0.0415,-
REL_OUT_18_24,PRIV_EMP,50,-1.24e-08,7.6e-09,-1.6213,0.111507,0.0519,0.0322,-
REL_OUT_18_24,GDP,50,-6.16e-08,3.81e-08,-1.6162,0.112605,0.0516,0.0319,-
REL_OUT_18_24,LAND_AREA,50,-3.843e-07,2.672e-07,-1.4381,0.156901,0.0413,0.0213,-
REL_OUT_18_24,COMMUTE_MED,50,-0.0089125339,0.0066030636,-1.3498,0.183425,0.0366,0.0165,-
REL_OUT_18_24,MED_RENT,50,-9.7732e-05,7.36342e-05,-1.3273,0.1907,0.0354,0.0153,-
REL_OUT_18_24,POP_DENS,50,7.79189e-05,8.27668e-05,0.9414,0.3512,0.0181,-0.0023,+
REL_OUT_18_24,MED_HOMEVAL,50,-1.506e-07,1.608e-07,-0.9369,0.353522,0.018,-0.0025,-
REL_OUT_18_24,TRANSIT_SHARE,50,-0.0027541626,0.0062110876,-0.4434,0.659449,0.0041,-0.0167,-
REL_OUT_18_24,RPP,50,-0.0011933246,0.0034829957,-0.3426,0.733384,0.0024,-0.0183,-
REL_OUT_18_24,PRIV_AVG_PAY,50,3.691e-07,2.1517e-06,0.1716,0.864505,0.0006,-0.0202,+
REL_OUT_18_24,ELEC_PRICE_TOT,50,-0.0002478167,0.0039952228,-0.062,0.950798,0.0001,-0.0208,-
REL_OUT_25_34,MED_HOMEVAL,50,2.06e-07,1.124e-07,1.8323,0.073122,0.0654,0.0459,+
REL_OUT_25_34,ELEC_PRICE_TOT,50,0.0048924566,0.0027746066,1.7633,0.084215,0.0608,0.0413,+
REL_OUT_25_34,MED_RENT,50,7.52919e-05,5.26146e-05,1.431,0.158906,0.0409,0.0209,+
REL_OUT_25_34,REAL_PCPI,50,-2.3476e-06,2.8133e-06,-0.8345,0.408145,0.0143,-0.0062,-
REL_OUT_25_34,RPP,50,0.0019696129,0.0024827135,0.7933,0.431489,0.0129,-0.0076,+
REL_OUT_25_34,VACANCY_RATE,50,0.0069898933,0.0107480047,0.6503,0.518571,0.0087,-0.0119,+
REL_OUT_25_34,COMMUTE_MED,50,0.0030291651,0.0048007945,0.631,0.531052,0.0082,-0.0124,+
REL_OUT_25_34,TRANSIT_SHARE,50,0.0027069088,0.0044427761,0.6093,0.54521,0.0077,-0.013,+
REL_OUT_25_34,BA_PLUS,50,0.0018072778,0.0030466602,0.5932,0.555832,0.0073,-0.0134,+
REL_OUT_25_34,PRIV_AVG_PAY,50,8.575e-07,1.5374e-06,0.5578,0.579594,0.0064,-0.0143,+
REL_OUT_25_34,LAND_AREA,50,8.49e-08,1.952e-07,0.4351,0.665423,0.0039,-0.0168,+
REL_OUT_25_34,COST_BURDEN_ALL,50,0.0015664,0.0036610603,0.4279,0.670671,0.0038,-0.017,+
REL_OUT_25_34,POP_DENS,50,2.28401e-05,5.97643e-05,0.3822,0.704022,0.003,-0.0177,+
REL_OUT_25_34,NRI_RISK_INDEX,50,0.0004673311,0.0013311173,0.3511,0.727063,0.0026,-0.0182,+
REL_OUT_25_34,UNEMP,50,-0.003008193,0.0210258237,-0.1431,0.886833,0.0004,-0.0204,-
REL_OUT_25_34,PRIV_ESTAB,50,-8.1e-09,5.71e-08,-0.1415,0.888073,0.0004,-0.0204,-
REL_OUT_25_34,POP,50,-3e-10,2.2e-09,-0.1224,0.903066,0.0003,-0.0205,-
REL_OUT_25_34,PERMITS,50,5.35e-08,4.034e-07,0.1326,0.895085,0.0004,-0.0205,+
REL_OUT_25_34,PRIV_EMP,50,-6e-10,5.6e-09,-0.1017,0.919389,0.0002,-0.0206,-
REL_OUT_25_34,GDP,50,1.1e-09,2.8e-08,0.039,0.969033,0.0,-0.0208,+
REL_OUT_25_34,UNINSURED,50,-0.0003921008,0.0064996849,-0.0603,0.952146,0.0001,-0.0208,-
REL_OUT_25_34,CRIME_VIOLENT_RATE,50,-6.7959e-06,0.0001201739,-0.0566,0.955138,0.0001,-0.0208,-
REL_OUT_35_54,BA_PLUS,50,-0.0117035719,0.0038482903,-3.0412,0.003811,0.1616,0.1441,-
REL_OUT_35_54,UNINSURED,50,0.0243841511,0.0082111749,2.9696,0.004644,0.1552,0.1376,+
REL_OUT_35_54,UNEMP,50,0.0671154799,0.0272329436,2.4645,0.017352,0.1123,0.0938,+
REL_OUT_35_54,CRIME_VIOLENT_RATE,50,0.0003604194,0.0001567696,2.299,0.025898,0.0992,0.0804,+
REL_OUT_35_54,VACANCY_RATE,50,0.0306617467,0.0141618745,2.1651,0.035382,0.089,0.07,+
REL_OUT_35_54,PERMITS,50,9.543e-07,5.371e-07,1.7767,0.081956,0.0617,0.0422,+
REL_OUT_35_54,POP,50,4.6e-09,2.9e-09,1.5515,0.127348,0.0478,0.0279,+
REL_OUT_35_54,PRIV_ESTAB,50,1.157e-07,7.67e-08,1.5089,0.137877,0.0453,0.0254,+
REL_OUT_35_54,ELEC_PRICE_TOT,50,-0.0055266733,0.003853363,-1.4342,0.157985,0.0411,0.0211,-
REL_OUT_35_54,PRIV_EMP,50,1.05e-08,7.6e-09,1.3864,0.172043,0.0385,0.0185,+
REL_OUT_35_54,GDP,50,5.2e-08,3.78e-08,1.3747,0.175604,0.0379,0.0178,+
REL_OUT_35_54,REAL_PCPI,50,-4.8153e-06,3.832e-06,-1.2566,0.214987,0.0318,0.0117,-
REL_OUT_35_54,LAND_AREA,50,3.162e-07,2.649e-07,1.1936,0.238517,0.0288,0.0086,+
REL_OUT_35_54,POP_DENS,50,-9.61411e-05,8.10877e-05,-1.1856,0.241599,0.0285,0.0082,-
REL_OUT_35_54,RPP,50,-0.0039956945,0.0033858383,-1.1801,0.243768,0.0282,0.008,-
REL_OUT_35_54,PRIV_AVG_PAY,50,-2.0878e-06,2.0983e-06,-0.995,0.324738,0.0202,-0.0002,-
REL_OUT_35_54,COST_BURDEN_ALL,50,0.0046268155,0.0049970169,0.9259,0.359122,0.0175,-0.0029,+
REL_OUT_35_54,NRI_RISK_INDEX,50,0.0014318551,0.001820175,0.7867,0.435349,0.0127,-0.0078,+
REL_OUT_35_54,MED_HOMEVAL,50,-9.51e-08,1.592e-07,-0.5974,0.553024,0.0074,-0.0133,-
REL_OUT_35_54,MED_RENT,50,-2.94847e-05,7.37186e-05,-0.4,0.690958,0.0033,-0.0174,-
REL_OUT_35_54,COMMUTE_MED,50,0.0019819037,0.0066194694,0.2994,0.765924,0.0019,-0.0189,+
REL_OUT_35_54,TRANSIT_SHARE,50,-0.0002762758,0.0061297074,-0.0451,0.964237,0.0,-0.0208,-
REL_OUT_55_64,CRIME_VIOLENT_RATE,50,0.000300417,0.0001557835,1.9284,0.059728,0.0719,0.0526,+
REL_OUT_55_64,NRI_RISK_INDEX,50,0.002789339,0.0017476109,1.5961,0.117033,0.0504,0.0306,+
REL_OUT_55_64,COMMUTE_MED,50,0.0096612175,0.0063347888,1.5251,0.133795,0.0462,0.0263,+
REL_OUT_55_64,PRIV_EMP,50,9.4e-09,7.4e-09,1.265,0.211988,0.0323,0.0121,+
REL_OUT_55_64,POP,50,3.6e-09,2.9e-09,1.2367,0.22223,0.0309,0.0107,+
REL_OUT_55_64,GDP,50,4.48e-08,3.72e-08,1.2044,0.234342,0.0293,0.0091,+
REL_OUT_55_64,PRIV_ESTAB,50,9.04e-08,7.57e-08,1.1934,0.238582,0.0288,0.0086,+
REL_OUT_55_64,RPP,50,0.003786468,0.0033177382,1.1413,0.259415,0.0264,0.0061,+
REL_OUT_55_64,PRIV_AVG_PAY,50,2.3109e-06,2.0484e-06,1.1282,0.264849,0.0258,0.0055,+
REL_OUT_55_64,COST_BURDEN_ALL,50,0.0050871615,0.0048806094,1.0423,0.302484,0.0221,0.0018,+
REL_OUT_55_64,MED_RENT,50,7.40477e-05,7.14957e-05,1.0357,0.305534,0.0219,0.0015,+
REL_OUT_55_64,REAL_PCPI,50,3.3673e-06,3.7816e-06,0.8904,0.377674,0.0162,-0.0042,+
REL_OUT_55_64,UNINSURED,50,0.0075585215,0.0086776891,0.871,0.388074,0.0156,-0.0049,+
REL_OUT_55_64,UNEMP,50,0.0230987815,0.0281002915,0.822,0.415135,0.0139,-0.0067,+
REL_OUT_55_64,PERMITS,50,4.336e-07,5.392e-07,0.8042,0.425259,0.0133,-0.0073,+
REL_OUT_55_64,LAND_AREA,50,2.043e-07,2.615e-07,0.7812,0.438514,0.0126,-0.008,+
REL_OUT_55_64,POP_DENS,50,-5.04569e-05,8.02083e-05,-0.6291,0.532284,0.0082,-0.0125,-
REL_OUT_55_64,TRANSIT_SHARE,50,0.0036771694,0.0059775447,0.6152,0.541352,0.0078,-0.0128,+
REL_OUT_55_64,VACANCY_RATE,50,0.0080705534,0.0144787982,0.5574,0.579841,0.0064,-0.0143,+
REL_OUT_55_64,MED_HOMEVAL,50,4.84e-08,1.563e-07,0.3098,0.758079,0.002,-0.0188,+
REL_OUT_55_64,ELEC_PRICE_TOT,50,0.0007255779,0.0038509741,0.1884,0.851346,0.0007,-0.0201,+
REL_OUT_55_64,BA_PLUS,50,-0.0003651399,0.0041141034,-0.0888,0.929647,0.0002,-0.0207,-
REL_OUT_65_PLUS,NRI_RISK_INDEX,50,0.0022788127,0.0025131622,0.9068,0.369068,0.0168,-0.0036,+
REL_OUT_65_PLUS,RPP,50,0.0036898802,0.0047222172,0.7814,0.438412,0.0126,-0.008,+
REL_OUT_65_PLUS,COST_BURDEN_ALL,50,0.0046813341,0.0069425912,0.6743,0.50336,0.0094,-0.0113,+
REL_OUT_65_PLUS,VACANCY_RATE,50,0.0136395246,0.0204344034,0.6675,0.507663,0.0092,-0.0114,+
REL_OUT_65_PLUS,CRIME_VIOLENT_RATE,50,0.0001414783,0.0002276246,0.6215,0.537184,0.008,-0.0127,+
REL_OUT_65_PLUS,UNINSURED,50,-0.0070513336,0.0123187575,-0.5724,0.569718,0.0068,-0.0139,-
REL_OUT_65_PLUS,UNEMP,50,0.0208443678,0.0398793919,0.5227,0.603598,0.0057,-0.0151,+
REL_OUT_65_PLUS,PERMITS,50,3.761e-07,7.653e-07,0.4914,0.625401,0.005,-0.0157,+
REL_OUT_65_PLUS,REAL_PCPI,50,-2.5214e-06,5.3762e-06,-0.469,0.641206,0.0046,-0.0162,-
REL_OUT_65_PLUS,MED_RENT,50,4.70695e-05,0.0001019415,0.4617,0.64636,0.0044,-0.0163,+
REL_OUT_65_PLUS,LAND_AREA,50,-1.623e-07,3.712e-07,-0.4372,0.663902,0.004,-0.0168,-
REL_OUT_65_PLUS,TRANSIT_SHARE,50,-0.0028607772,0.008471248,-0.3377,0.737058,0.0024,-0.0184,-
REL_OUT_65_PLUS,PRIV_ESTAB,50,3.24e-08,1.085e-07,0.2988,0.766381,0.0019,-0.0189,+
REL_OUT_65_PLUS,COMMUTE_MED,50,0.0015796324,0.0091644785,0.1724,0.863876,0.0006,-0.0202,+
REL_OUT_65_PLUS,BA_PLUS,50,-0.0009637825,0.0058132788,-0.1658,0.869019,0.0006,-0.0202,-
REL_OUT_65_PLUS,PRIV_AVG_PAY,50,-3.748e-07,2.9326e-06,-0.1278,0.898849,0.0003,-0.0205,-
REL_OUT_65_PLUS,POP,50,4e-10,4.2e-09,0.1008,0.920108,0.0002,-0.0206,+
REL_OUT_65_PLUS,ELEC_PRICE_TOT,50,-0.0005814974,0.0054439504,-0.1068,0.915381,0.0002,-0.0206,-
REL_OUT_65_PLUS,GDP,50,-4.9e-09,5.33e-08,-0.0918,0.927227,0.0002,-0.0207,-
REL_OUT_65_PLUS,PRIV_EMP,50,7e-10,1.07e-08,0.0661,0.947549,0.0001,-0.0207,+
REL_OUT_65_PLUS,POP_DENS,50,5.0521e-06,0.0001138224,0.0444,0.964781,0.0,-0.0208,+
REL_OUT_65_PLUS,MED_HOMEVAL,50,-3.4e-09,2.211e-07,-0.0153,0.987822,0.0,-0.0208,-
SHARE_GAP_18_24,PRIV_ESTAB,50,-1.08e-08,2.7e-09,-4.0142,0.000208,0.2513,0.2357,-
SHARE_GAP_18_24,GDP,50,-5e-09,1.3e-09,-3.7289,0.000508,0.2246,0.2085,-
SHARE_GAP_18_24,RPP,50,-0.0004471889,0.000119944,-3.7283,0.000509,0.2246,0.2084,-
SHARE_GAP_18_24,PRIV_AVG_PAY,50,-2.615e-07,7.51e-08,-3.4808,0.001075,0.2015,0.1849,-
SHARE_GAP_18_24,PRIV_EMP,50,-9e-10,3e-10,-3.3553,0.001556,0.19,0.1731,-
SHARE_GAP_18_24,POP,50,-4e-10,1e-10,-3.2491,0.002117,0.1803,0.1632,-
SHARE_GAP_18_24,COST_BURDEN_ALL,50,-0.0005836224,0.0001813192,-3.2188,0.00231,0.1775,0.1604,-
SHARE_GAP_18_24,MED_RENT,50,-8.2805e-06,2.6734e-06,-3.0974,0.003258,0.1666,0.1492,-
SHARE_GAP_18_24,POP_DENS,50,-9.0213e-06,2.9914e-06,-3.0158,0.00409,0.1593,0.1418,-
SHARE_GAP_18_24,BA_PLUS,50,-0.0003902498,0.0001568639,-2.4878,0.016378,0.1142,0.0958,-
SHARE_GAP_18_24,UNEMP,50,-0.0026821234,0.0010789394,-2.4859,0.016457,0.1141,0.0956,-
SHARE_GAP_18_24,MED_HOMEVAL,50,-1.46e-08,6e-09,-2.4394,0.018459,0.1103,0.0918,-
SHARE_GAP_18_24,COMMUTE_MED,50,-0.000565185,0.0002497735,-2.2628,0.028211,0.0964,0.0776,-
SHARE_GAP_18_24,NRI_RISK_INDEX,50,-0.0001538425,6.9171e-05,-2.2241,0.030881,0.0934,0.0745,-
SHARE_GAP_18_24,ELEC_PRICE_TOT,50,-0.0003275446,0.000148722,-2.2024,0.032474,0.0918,0.0729,-
SHARE_GAP_18_24,TRANSIT_SHARE,50,-0.0004770751,0.0002331385,-2.0463,0.046224,0.0802,0.0611,-
SHARE_GAP_18_24,REAL_PCPI,50,-2.826e-07,1.49e-07,-1.8971,0.063839,0.0697,0.0504,-
SHARE_GAP_18_24,VACANCY_RATE,50,0.000965801,0.000571661,1.6895,0.097617,0.0561,0.0365,+
SHARE_GAP_18_24,UNINSURED,50,0.0003500199,0.0003506684,0.9982,0.323212,0.0203,-0.0001,+
SHARE_GAP_18_24,PERMITS,50,-1.32e-08,2.19e-08,-0.6037,0.548891,0.0075,-0.0131,-
SHARE_GAP_18_24,LAND_AREA,50,-4.3e-09,1.06e-08,-0.4061,0.686497,0.0034,-0.0173,-
SHARE_GAP_18_24,CRIME_VIOLENT_RATE,50,5.6e-07,6.55e-06,0.0855,0.932225,0.0002,-0.0207,+
SHARE_GAP_25_34,PRIV_ESTAB,50,-7.8e-09,2.1e-09,-3.6669,0.000614,0.2188,0.2026,-
SHARE_GAP_25_34,UNINSURED,50,0.0008158275,0.0002458052,3.319,0.00173,0.1867,0.1697,+
SHARE_GAP_25_34,TRANSIT_SHARE,50,-0.0005123839,0.0001717688,-2.983,0.004477,0.1564,0.1388,-
SHARE_GAP_25_34,GDP,50,-3.1e-09,1.1e-09,-2.8379,0.006636,0.1437,0.1258,-
SHARE_GAP_25_34,ELEC_PRICE_TOT,50,-0.0003102562,0.0001113891,-2.7853,0.007632,0.1391,0.1212,-
SHARE_GAP_25_34,PRIV_EMP,50,-5e-10,2e-10,-2.3158,0.024887,0.1005,0.0818,-
SHARE_GAP_25_34,VACANCY_RATE,50,0.0009918665,0.0004294313,2.3097,0.02525,0.1,0.0813,+
SHARE_GAP_25_34,POP,50,-2e-10,1e-10,-2.1025,0.040779,0.0843,0.0653,-
SHARE_GAP_25_34,MED_HOMEVAL,50,-9.7e-09,4.7e-09,-2.0695,0.043904,0.0819,0.0628,-
SHARE_GAP_25_34,PRIV_AVG_PAY,50,-1.247e-07,6.21e-08,-2.0074,0.05036,0.0774,0.0582,-
SHARE_GAP_25_34,RPP,50,-0.0001855116,0.0001013066,-1.8312,0.073283,0.0653,0.0458,-
SHARE_GAP_25_34,COST_BURDEN_ALL,50,-0.000259066,0.0001491935,-1.7364,0.0889,0.0591,0.0395,-
SHARE_GAP_25_34,REAL_PCPI,50,-1.721e-07,1.162e-07,-1.4808,0.145192,0.0437,0.0238,-
SHARE_GAP_25_34,MED_RENT,50,-3.2052e-06,2.2048e-06,-1.4537,0.152526,0.0422,0.0222,-
SHARE_GAP_25_34,UNEMP,50,-0.0009869481,0.0008702609,-1.1341,0.262392,0.0261,0.0058,-
SHARE_GAP_25_34,POP_DENS,50,-2.7654e-06,2.4779e-06,-1.116,0.269976,0.0253,0.005,-
SHARE_GAP_25_34,BA_PLUS,50,-0.0001360551,0.0001267072,-1.0738,0.288292,0.0235,0.0031,-
SHARE_GAP_25_34,PERMITS,50,1.79e-08,1.67e-08,1.0688,0.290487,0.0232,0.0029,+
SHARE_GAP_25_34,COMMUTE_MED,50,-0.0001353586,0.0002011937,-0.6728,0.504315,0.0093,-0.0113,-
SHARE_GAP_25_34,NRI_RISK_INDEX,50,-3.24875e-05,5.5691e-05,-0.5834,0.562387,0.007,-0.0136,-
SHARE_GAP_25_34,LAND_AREA,50,3.2e-09,8.2e-09,0.3943,0.695083,0.0032,-0.0175,+
SHARE_GAP_25_34,CRIME_VIOLENT_RATE,50,6.893e-07,5.0383e-06,0.1368,0.891757,0.0004,-0.0204,+
SHARE_GAP_35_54,PRIV_ESTAB,50,-1.88e-08,3.8e-09,-4.9873,8e-06,0.3413,0.3276,-
SHARE_GAP_35_54,GDP,50,-8.8e-09,1.9e-09,-4.6384,2.7e-05,0.3095,0.2951,-
SHARE_GAP_35_54,TRANSIT_SHARE,50,-0.0013659072,0.0003033861,-4.5022,4.3e-05,0.2969,0.2823,-
SHARE_GAP_35_54,PRIV_EMP,50,-1.5e-09,4e-10,-3.6653,0.000617,0.2187,0.2024,-
SHARE_GAP_35_54,POP,50,-5e-10,2e-10,-3.3844,0.001429,0.1927,0.1758,-
SHARE_GAP_35_54,PRIV_AVG_PAY,50,-3.721e-07,1.13e-07,-3.2924,0.001869,0.1842,0.1672,-
SHARE_GAP_35_54,UNINSURED,50,0.001422564,0.0004856975,2.9289,0.00519,0.1516,0.1339,+
SHARE_GAP_35_54,VACANCY_RATE,50,0.0023269853,0.0008088147,2.877,0.005974,0.1471,0.1293,+
SHARE_GAP_35_54,ELEC_PRICE_TOT,50,-0.0006047131,0.0002152462,-2.8094,0.00716,0.1412,0.1233,-
SHARE_GAP_35_54,RPP,50,-0.0005021819,0.000189329,-2.6524,0.0108,0.1278,0.1097,-
SHARE_GAP_35_54,MED_HOMEVAL,50,-2.2e-08,8.9e-09,-2.4704,0.0171,0.1128,0.0943,-
SHARE_GAP_35_54,COST_BURDEN_ALL,50,-0.00068275,0.0002807831,-2.4316,0.018815,0.1097,0.0911,-
SHARE_GAP_35_54,REAL_PCPI,50,-4.342e-07,2.212e-07,-1.963,0.055451,0.0743,0.055,-
SHARE_GAP_35_54,UNEMP,50,-0.003185066,0.0016430081,-1.9386,0.058448,0.0726,0.0533,-
SHARE_GAP_35_54,MED_RENT,50,-7.9975e-06,4.2029e-06,-1.9029,0.063066,0.0701,0.0508,-
SHARE_GAP_35_54,BA_PLUS,50,-0.0003686239,0.0002422959,-1.5214,0.134726,0.046,0.0261,-
SHARE_GAP_35_54,COMMUTE_MED,50,-0.0005424529,0.0003831653,-1.4157,0.163315,0.0401,0.0201,-
SHARE_GAP_35_54,NRI_RISK_INDEX,50,-0.0001298829,0.0001064898,-1.2197,0.228547,0.0301,0.0099,-
SHARE_GAP_35_54,POP_DENS,50,-5.2253e-06,4.7969e-06,-1.0893,0.281456,0.0241,0.0038,-
SHARE_GAP_35_54,CRIME_VIOLENT_RATE,50,-7.2956e-06,9.6926e-06,-0.7527,0.455308,0.0117,-0.0089,-
SHARE_GAP_35_54,PERMITS,50,1.09e-08,3.27e-08,0.334,0.739848,0.0023,-0.0185,+
SHARE_GAP_35_54,LAND_AREA,50,-3e-09,1.59e-08,-0.1904,0.849813,0.0008,-0.0201,-
SHARE_GAP_55_64,VACANCY_RATE,50,0.0046593739,0.001196409,3.8945,0.000304,0.2401,0.2243,+
SHARE_GAP_55_64,TRANSIT_SHARE,50,-0.001893939,0.0004967718,-3.8125,0.000392,0.2324,0.2164,-
SHARE_GAP_55_64,PRIV_AVG_PAY,50,-6.507e-07,1.721e-07,-3.7803,0.000433,0.2294,0.2134,-
SHARE_GAP_55_64,GDP,50,-1.07e-08,3.2e-09,-3.3283,0.001684,0.1875,0.1706,-
SHARE_GAP_55_64,UNINSURED,50,0.0022270048,0.0007613012,2.9253,0.005242,0.1513,0.1336,+
SHARE_GAP_55_64,PRIV_ESTAB,50,-1.87e-08,6.7e-09,-2.7694,0.007961,0.1378,0.1198,-
SHARE_GAP_55_64,PRIV_EMP,50,-1.6e-09,7e-10,-2.3903,0.020806,0.1064,0.0878,-
SHARE_GAP_55_64,ELEC_PRICE_TOT,50,-0.000821705,0.0003441356,-2.3877,0.020937,0.1062,0.0875,-
SHARE_GAP_55_64,REAL_PCPI,50,-8.025e-07,3.411e-07,-2.3525,0.022797,0.1034,0.0847,-
SHARE_GAP_55_64,MED_HOMEVAL,50,-3.2e-08,1.4e-08,-2.279,0.027153,0.0976,0.0788,-
SHARE_GAP_55_64,RPP,50,-0.0006744284,0.0003024258,-2.2301,0.030455,0.0939,0.075,-
SHARE_GAP_55_64,UNEMP,50,-0.0056646098,0.0025456435,-2.2252,0.0308,0.0935,0.0746,-
SHARE_GAP_55_64,POP,50,-6e-10,3e-10,-2.1,0.04101,0.0841,0.0651,-
SHARE_GAP_55_64,BA_PLUS,50,-0.0007015304,0.0003753411,-1.869,0.067724,0.0678,0.0484,-
SHARE_GAP_55_64,PERMITS,50,7.92e-08,5e-08,1.5847,0.119595,0.0497,0.0299,+
SHARE_GAP_55_64,MED_RENT,50,-8.797e-06,6.7114e-06,-1.3108,0.196176,0.0346,0.0144,-
SHARE_GAP_55_64,COST_BURDEN_ALL,50,-0.0005732353,0.0004589432,-1.249,0.21771,0.0315,0.0113,-
SHARE_GAP_55_64,COMMUTE_MED,50,-0.0005919432,0.0006068985,-0.9754,0.334273,0.0194,-0.001,-
SHARE_GAP_55_64,POP_DENS,50,-6.4923e-06,7.5519e-06,-0.8597,0.394233,0.0152,-0.0054,-
SHARE_GAP_55_64,NRI_RISK_INDEX,50,-0.0001184036,0.000168587,-0.7023,0.485866,0.0102,-0.0104,-
SHARE_GAP_55_64,LAND_AREA,50,-1.4e-08,2.48e-08,-0.5631,0.575994,0.0066,-0.0141,-
SHARE_GAP_55_64,CRIME_VIOLENT_RATE,50,-8.468e-06,1.52301e-05,-0.556,0.58079,0.0064,-0.0143,-
SHARE_GAP_65_PLUS,TRANSIT_SHARE,50,-0.0016622186,0.0003780142,-4.3972,6.1e-05,0.2872,0.2723,-
SHARE_GAP_65_PLUS,VACANCY_RATE,50,0.00342948,0.000964061,3.5573,0.000855,0.2086,0.1921,+
SHARE_GAP_65_PLUS,PRIV_AVG_PAY,50,-4.822e-07,1.383e-07,-3.4862,0.001058,0.202,0.1854,-
SHARE_GAP_65_PLUS,UNINSURED,50,0.00187231,0.0005939241,3.1524,0.00279,0.1715,0.1543,+
SHARE_GAP_65_PLUS,GDP,50,-7.3e-09,2.6e-09,-2.7769,0.007805,0.1384,0.1205,-
SHARE_GAP_65_PLUS,ELEC_PRICE_TOT,50,-0.0006760399,0.0002703468,-2.5006,0.015864,0.1153,0.0968,-
SHARE_GAP_65_PLUS,PRIV_ESTAB,50,-1.24e-08,5.4e-09,-2.2818,0.026974,0.0979,0.0791,-
SHARE_GAP_65_PLUS,REAL_PCPI,50,-6.042e-07,2.708e-07,-2.2317,0.030339,0.094,0.0751,-
SHARE_GAP_65_PLUS,UNEMP,50,-0.0043111959,0.0020174066,-2.137,0.037722,0.0869,0.0679,-
SHARE_GAP_65_PLUS,RPP,50,-0.0004934707,0.00024054,-2.0515,0.045695,0.0806,0.0615,-
SHARE_GAP_65_PLUS,PERMITS,50,7.57e-08,3.9e-08,1.9406,0.058193,0.0727,0.0534,+
SHARE_GAP_65_PLUS,MED_HOMEVAL,50,-2.17e-08,1.12e-08,-1.9312,0.05937,0.0721,0.0528,-
SHARE_GAP_65_PLUS,PRIV_EMP,50,-1e-09,5e-10,-1.8645,0.068377,0.0675,0.0481,-
SHARE_GAP_65_PLUS,BA_PLUS,50,-0.000537299,0.0002970099,-1.809,0.076712,0.0638,0.0443,-
SHARE_GAP_65_PLUS,POP,50,-3e-10,2e-10,-1.605,0.115046,0.0509,0.0312,-
SHARE_GAP_65_PLUS,COST_BURDEN_ALL,50,-0.0004174077,0.0003632654,-1.149,0.256232,0.0268,0.0065,-
SHARE_GAP_65_PLUS,POP_DENS,50,-6.5522e-06,5.9339e-06,-1.1042,0.275008,0.0248,0.0045,-
SHARE_GAP_65_PLUS,COMMUTE_MED,50,-0.000514293,0.0004782107,-1.0755,0.287548,0.0235,0.0032,-
SHARE_GAP_65_PLUS,MED_RENT,50,-5.2783e-06,5.3393e-06,-0.9886,0.327825,0.02,-0.0005,-
SHARE_GAP_65_PLUS,CRIME_VIOLENT_RATE,50,-1.03823e-05,1.1971e-05,-0.8673,0.390102,0.0154,-0.0051,-
SHARE_GAP_65_PLUS,NRI_RISK_INDEX,50,-9.15258e-05,0.0001331462,-0.6874,0.495134,0.0097,-0.0109,-
SHARE_GAP_65_PLUS,LAND_AREA,50,-5.5e-09,1.96e-08,-0.2801,0.780607,0.0016,-0.0192,-
